X,Y,ArcticDEM1
-2256550,399450,1234.03833
-2256650,399550,1226.133179
-2256750,399650,1218.752197
-2256850,399750,1212.425293
-2256950,399850,1206.764771
-2257050,399950,1204.276001
-2257150,400050,1200.211182
-2257250,400150,1194.215942
-2257350,400250,1186.487915
-2257450,400350,1180.264404
-2257550,400450,1177.971924
-2257550,400450,1177.971924
-2257650,400550,1171.611938
-2257750,400650,1165.686646
-2257850,400650,1172.080688
-2257950,400750,1156.993774
-2258050,400850,1147.872314
-2258150,400950,1145.970581
-2258250,401050,1148.28772
-2258350,401050,1135.920044
-2258450,401150,1128.187622
-2258550,401250,1123.2052
-2258550,401250,1123.2052
-2258650,401250,1115.777222
-2258750,401350,1110.707031
-2258850,401350,1104.610352
-2258950,401350,1100.377441
-2259050,401450,1095.903076
-2259150,401450,1101.258057
-2259150,401450,1101.258057
-2259250,401550,1093.417358
-2259350,401650,1086.093506
-2259450,401750,1077.490234
-2259550,401850,1073.267334
-2259550,401850,1073.267334
-2259650,401950,1071.09375
-2259750,401950,1064.376587
-2259850,402050,1059.484741
-2259950,402150,1055.671997
-2260050,402150,1063.041626
-2260150,402250,1057.616455
-2260150,402250,1057.616455
-2260250,402350,1044.525269
-2260350,402450,1047.291992
-2260450,402450,1036.002686
-2260550,402550,1032.242554
-2260550,402550,1032.242554
-2260650,402650,1027.836914
-2260750,402650,1021.578857
-2260850,402750,1012.400879
-2260950,402750,1008.11322
-2261050,402850,1002.697266
-2261050,402850,1002.697266
-2261150,402950,997.7263794
-2261150,403050,992.7557373
-2261150,403050,992.7557373
-2261250,403150,990.1481934
-2261250,403250,984.3425903
-2261350,403350,984.7456055
-2261350,403450,976.3995361
-2261350,403450,976.3995361
-2261450,403550,970.5668335
-2261550,403650,965.4793701
-2261650,403750,961.1051025
-2261650,403850,958.7607422
-2261750,403950,953.1425171
-2261850,404050,949.7820435
-2261850,404050,949.7820435
-2261950,404150,951.1246338
-2262050,404150,942.4436646
-2262150,404250,938.8673706
-2262250,404250,934.3598633
-2262350,404350,930.3345947
-2262350,404350,930.3345947
-2262450,404450,925.875
-2262550,404550,922.8555298
-2262650,404650,918.3918457
-2262650,404650,918.3918457
-2262750,404750,915.1853638
-2262850,404750,913.2061157
-2262950,404850,908.5385132
-2263050,404850,907.0174561
-2263150,404950,902.9941406
-2263150,404950,902.9941406
-2263150,405050,910.197876
-2263250,405150,899.9174194
-2263250,405250,897.930481
-2263250,405350,894.7562256
-2263350,405450,890.4523926
-2263350,405550,888.7011719
-2263350,405550,888.7011719
-2263350,405650,886.5736084
-2263350,405750,885.1345215
-2263350,405850,882.9331665
-2263350,405950,880.7566528
-2263350,405950,880.7566528
-2263350,406050,882.0568848
-2263450,406150,876.4613037
-2263450,406250,879.9943848
-2263450,406350,889.4492188
-2263550,406450,875.0755005
-2263550,406550,870.8892822
-2263550,406550,870.8892822
-2263550,406650,868.6500854
-2263550,406750,867.7555542
-2263650,406850,864.3569946
-2263650,406950,862.4140625
-2263650,407050,860.1445313
-2263650,407050,860.1445313
-2263650,407150,858.2990112
-2263650,407250,856.5596924
-2263650,407350,854.9423218
-2263650,407450,853.3621826
-2263650,407550,851.5988159
-2263650,407550,851.5988159
-2263650,407650,849.8772583
-2263650,407750,848.3231201
-2263650,407850,846.3278809
-2263650,407950,845.3167725
-2263650,407950,845.3167725
-2263550,408050,842.52771
-2263550,408150,840.9768066
-2263450,408250,838.8208618
-2263450,408350,843.1947021
-2263450,408350,843.1947021
-2263350,408450,836.8485107
-2263250,408550,834.675293
-2263250,408550,834.675293
-2263350,408650,835.0599365
-2263350,408750,830.4553833
-2263350,408750,830.4553833
-2263350,408850,829.0571899
-2263350,408950,829.8276978
-2263350,409050,829.3966675
-2263350,409050,829.3966675
-2263450,409150,824.9207153
-2263450,409250,822.682373
-2263450,409250,822.682373
-2263450,409350,820.9989624
-2263450,409450,819.3563232
-2263450,409550,817.9307861
-2263450,409550,817.9307861
-2263450,409650,816.4074707
-2263450,409750,814.7684326
-2263450,409750,814.7684326
-2263450,409850,814.0787964
-2263450,409850,814.0787964
-2263450,409950,812.0400391
-2263550,410050,809.6546021
-2263550,410150,808.1854858
-2263550,410150,808.1854858
-2263650,410250,806.3046265
-2263650,410350,804.7630615
-2263650,410350,804.7630615
-2263750,410450,803.0026855
-2263750,410550,802.2746582
-2263750,410550,802.2746582
-2263750,410650,800.1744995
-2263750,410750,798.9371338
-2263750,410850,797.4151001
-2263750,410950,795.9633179
-2263750,410950,795.9633179
-2263750,411050,794.3946533
-2263750,411150,792.8903809
-2263850,411250,791.6932373
-2263850,411350,790.1351318
-2263850,411450,788.5787354
-2263850,411450,788.5787354
-2263850,411550,786.9866333
-2263850,411650,785.4459229
-2263850,411750,783.9830933
-2263850,411850,782.5884399
-2263850,411850,782.5884399
-2263850,411950,781.1629639
-2263850,412050,779.5853271
-2263850,412150,777.934021
-2263850,412250,776.4362183
-2263850,412350,775.5352783
-2263850,412350,775.5352783
-2263850,412450,777.7351074
-2263750,412550,775.8456421
-2263750,412650,777.8063965
-2263750,412750,777.8933716
-2263750,412750,777.8933716
-2263850,412850,768.7295532
-2263950,412950,766.4620972
-2264050,413050,764.6428223
-2264150,413150,762.8497314
-2264150,413150,762.8497314
-2264250,413250,760.7285767
-2264250,413350,764.1328125
-2264350,413450,758.0083618
-2264350,413450,758.0083618
-2264350,413550,756.8990479
-2264350,413650,755.541687
-2264350,413750,754.1352539
-2264350,413750,754.1352539
-2264350,413850,752.9891357
-2264350,413850,752.9891357
-2264350,413950,752.4754639
-2264350,414050,750.5140991
-2264450,414150,749.8605957
-2264450,414250,747.1460571
-2264450,414350,746.276001
-2264450,414350,746.276001
-2264450,414450,744.355896
-2264450,414550,743.0308838
-2264450,414650,742.3806763
-2264450,414750,744.5957031
-2264450,414750,744.5957031
-2264450,414850,751.3892822
-2264550,414950,738.1001587
-2264550,415050,737.1882324
-2264550,415050,737.1882324
-2264550,415150,735.6741333
-2264550,415250,734.0792236
-2264550,415350,733.3527222
-2264550,415350,733.3527222
-2264650,415450,731.3001099
-2264650,415550,729.8779297
-2264750,415650,728.3725586
-2264750,415650,728.3725586
-2264750,415750,727.1435547
-2264750,415850,726.4655151
-2264750,415950,725.3083496
-2264750,415950,725.3083496
-2264750,416050,724.0881958
-2264750,416150,722.4638062
-2264750,416250,721.0388794
-2264750,416350,720.0982666
-2264750,416350,720.0982666
-2264750,416450,719.0443726
-2264650,416550,727.012085
-2264650,416650,721.5369263
-2264650,416750,722.619873
-2264650,416750,722.619873
-2264650,416850,720.2460327
-2264650,416950,713.0201416
-2264650,417050,711.6141357
-2264650,417150,711.0393677
-2264650,417150,711.0393677
-2264650,417250,709.9887695
-2264550,417350,708.2474976
-2264550,417450,707.0415039
-2264550,417450,707.0415039
-2264550,417550,705.7198486
-2264550,417650,704.4259644
-2264550,417650,704.4259644
-2264550,417750,703.5112915
-2264550,417850,700.8062744
-2264550,417950,702.0509644
-2264550,417950,702.0509644
-2264550,418050,698.3564453
-2264550,418050,698.3564453
-2264450,418050,699.8822021
-2264350,418050,698.2360229
-2264350,418050,698.2360229
-2264250,418150,703.1751099
-2264250,418250,696.371582
-2264250,418250,696.371582
-2264250,418350,690.3240967
-2264150,418450,693.1018066
-2264150,418550,688.0680542
-2264150,418550,688.0680542
-2264050,418650,688.1281738
-2263950,418650,685.1599121
-2263950,418650,685.1599121
-2263950,418750,678.7268677
-2263850,418850,683.6467285
-2263850,418950,682.9672241
-2263850,419050,680.1807251
-2263850,419050,680.1807251
-2263950,419150,675.6832886
-2263950,419250,672.0640259
-2263950,419250,672.0640259
-2263950,419350,670.1624756
-2263850,419450,675.5870361
-2263850,419550,669.1819458
-2263850,419650,666.3608398
-2263750,419750,674.0217285
-2263750,419850,668.9492188
-2263750,419850,668.9492188
-2263750,419950,664.8684082
-2263850,420050,661.3214722
-2263850,420150,660.1567383
-2263850,420150,660.1567383
-2263850,420250,658.9786987
-2263750,420350,660.5276489
-2263750,420450,657.7164307
-2263750,420550,655.72229
-2263750,420650,654.3943481
-2263650,420750,653.1758423
-2263650,420850,652.0491943
-2263650,420950,650.9686279
-2263650,420950,650.9686279
-2263650,421050,649.8875122
-2263550,421150,648.2092896
-2263550,421250,646.791687
-2263550,421250,646.791687
-2263450,421350,647.3513184
-2263450,421350,647.3513184
-2263550,421450,645.7434082
-2263550,421550,642.7310181
-2263550,421550,642.7310181
-2263650,421650,641.2126465
-2263650,421750,640.5394897
-2263650,421750,640.5394897
-2263650,421850,639.4787598
-2263650,421950,638.493103
-2263550,422050,637.0281982
-2263550,422150,635.998291
-2263550,422250,634.9641113
-2263550,422350,633.9818115
-2263550,422450,633.1657715
-2263450,422550,631.619751
-2263450,422650,630.9415894
-2263450,422750,630.446228
-2263450,422750,630.446228
-2263350,422850,629.0693359
-2263350,422950,628.3426514
-2263250,423050,626.7939453
-2263250,423150,625.5494385
-2263150,423250,623.7857056
-2263150,423350,622.6808472
-2263050,423450,620.9161377
-2263050,423550,620.1379395
-2262950,423650,618.4636841
-2262950,423750,617.3417358
-2262950,423750,617.3417358
-2262850,423850,616.0195923
-2262850,423950,615.1755981
-2262750,424050,613.7310181
-2262750,424150,612.8452759
-2262650,424250,611.4072266
-2262650,424350,610.3737793
-2262550,424450,608.8825073
-2262550,424550,608.0458984
-2262550,424550,608.0458984
-2262450,424650,606.6343384
-2262350,424750,605.2177734
-2262250,424850,604.1578979
-2262150,424950,603.071228
-2262050,424950,602.7280273
-2261950,425050,601.3388062
-2261850,425150,601.2484741
-2261750,425250,601.4961548
-2261650,425350,599.2647705
-2261650,425350,599.2647705
-2261550,425450,598.4279785
-2261450,425550,597.8193359
-2261450,425650,597.4393921
-2261350,425750,596.1721191
-2261350,425750,596.1721191
-2261250,425750,595.0618896
-2261150,425850,593.1887817
-2261050,425850,592.048645
-2260950,425950,590.0610352
-2260850,425950,589.0411987
-2260850,425950,589.0411987
-2260750,426050,586.991333
-2260650,426050,585.9851074
-2260550,426150,584.4332275
-2260450,426150,583.4486084
-2260450,426150,583.4486084
-2260350,426250,581.9254761
-2260250,426250,581.0540771
-2260150,426350,579.5488892
-2260150,426350,579.5488892
-2260050,426350,578.6640625
-2259950,426350,577.9921875
-2259850,426350,577.3695068
-2259750,426350,576.4290771
-2259750,426350,576.4290771
-2259650,426350,575.5402832
-2259550,426350,574.7821655
-2259550,426350,574.7821655
-2259450,426350,573.9765015
-2259350,426250,572.7111816
-2259250,426250,572.0821533
-2259250,426250,572.0821533
-2259150,426150,570.9137573
-2259050,426150,569.8812866
-2258950,426050,568.9776611
-2258950,426050,568.9776611
-2258850,426050,568.25
-2258750,426050,567.282959
-2258650,426050,566.5003662
-2258650,426050,566.5003662
-2258550,426050,565.3916626
-2258450,426050,564.8393555
-2258450,426050,564.8393555
-2258350,425950,563.8682861
-2258250,425850,562.9193115
-2258150,425750,561.7163696
-2258150,425750,561.7163696
-2258050,425750,560.8959961
-2257950,425750,560.4290771
-2257850,425750,559.774353
-2257850,425750,559.774353
-2257750,425750,559.1746826
-2257650,425750,558.2616577
-2257650,425750,558.2616577
-2257550,425750,557.2564697
-2257450,425750,556.3467407
-2257350,425750,555.5410156
-2257350,425750,555.5410156
-2257250,425650,554.6612549
-2257150,425550,553.5740967
-2257150,425550,553.5740967
-2257050,425450,552.4879761
-2256950,425450,551.6809692
-2256950,425450,551.6809692
-2256850,425350,550.6381226
-2256850,425350,550.6381226
-2256750,425350,550.0457153
-2256650,425350,549.4928589
-2256550,425350,548.7389526
-2256450,425350,547.7792969
-2256450,425350,547.7792969
-2256350,425350,547.0165405
-2256250,425450,545.8032837
-2256150,425450,544.8496704
-2256150,425450,544.8496704
-2256050,425450,544.3434448
-2255950,425550,543.2269897
-2255850,425550,542.833313
-2255750,425550,542.0724487
-2255750,425550,542.0724487
-2255650,425550,541.0662231
-2255650,425550,541.0662231
-2255550,425550,540.5567627
-2255450,425550,540.0688477
-2255350,425550,539.3737183
-2255250,425550,538.699585
-2255250,425550,538.699585
-2255150,425450,538.1719971
-2255050,425450,537.4397583
-2255050,425450,537.4397583
-2254950,425350,536.5354004
-2254850,425350,535.7474365
-2254850,425350,535.7474365
-2254750,425350,535.0237427
-2254650,425350,534.1491699
-2254550,425350,533.5892944
-2254450,425350,534.0891724
-2254350,425450,532.1021729
-2254250,425450,531.5229492
-2254150,425450,530.7345581
-2254050,425450,529.8917847
-2253950,425450,528.9428711
-2253850,425450,527.8428345
-2253850,425450,527.8428345
-2253750,425450,527.010498
-2253650,425450,526.0689697
-2253550,425450,525.357666
-2253550,425450,525.357666
-2253450,425350,524.7650146
-2253450,425350,524.7650146
-2253350,425350,523.8572388
-2253250,425450,523.0110474
-2253150,425450,522.3425293
-2253150,425450,522.3425293
-2253050,425450,521.5839844
-2252950,425350,520.7687988
-2252850,425350,519.9263916
-2252850,425350,519.9263916
-2252750,425250,519.2588501
-2252750,425250,519.2588501
-2252650,425350,518.9029541
-2252550,425350,518.4147339
-2252550,425350,518.4147339
-2252450,425350,517.7261353
-2252350,425250,516.7575684
-2252250,425250,515.9682007
-2252250,425250,515.9682007
-2252150,425150,515.1463623
-2252050,425150,514.4849243
-2251950,425050,513.5263062
-2251850,425050,512.5819092
-2251850,425050,512.5819092
-2251750,424950,511.3143005
-2251650,424950,510.4631653
-2251550,424850,509.804657
-2251550,424850,509.804657
-2251450,424750,509.3000488
-2251350,424750,508.1968689
-2251350,424750,508.1968689
-2251250,424750,507.4341125
-2251150,424750,506.7529907
-2251050,424750,506.2756653
-2251050,424750,506.2756653
-2250950,424750,505.665802
-2250850,424850,505.297699
-2250750,424850,504.5291443
-2250650,424850,503.7445984
-2250650,424850,503.7445984
-2250550,424850,502.9365234
-2250450,424850,502.0878296
-2250450,424850,502.0878296
-2250350,424850,501.288147
-2250250,424850,500.6234436
-2250250,424850,500.6234436
-2250150,424850,499.7579346
-2250050,424850,499.1252441
-2250050,424850,499.1252441
-2249950,424850,498.389801
-2249850,424850,497.632019
-2249750,424850,496.9012451
-2249750,424850,496.9012451
-2249650,424850,496.394043
-2249650,424850,496.394043
-2249550,424850,495.7094116
-2249450,424850,495.1194153
-2249450,424850,495.1194153
-2249350,424850,494.377594
-2249250,424850,493.4702759
-2249250,424850,493.4702759
-2249150,424850,492.7677002
-2249050,424850,492.1776733
-2248950,424850,491.5680237
-2248950,424850,491.5680237
-2248850,424850,490.7906799
-2248750,424850,490.4443359
-2248750,424850,490.4443359
-2248650,424850,489.8378601
-2248550,424850,489.0904846
-2248450,424850,489.1756287
-2248450,424850,489.1756287
-2248350,424850,489.3133545
-2248250,424950,492.6899719
-2248150,424950,488.7002869
-2248050,424950,487.0486755
-2247950,425050,485.8227234
-2247850,425050,485.6213989
-2247850,425050,485.6213989
-2247750,425050,485.643219
-2247650,425150,484.2966614
-2247550,425150,484.2201233
-2247450,425250,485.3286438
-2247350,425250,482.3183289
-2247350,425250,482.3183289
-2247250,425250,481.9368896
-2247150,425250,481.4163208
-2247050,425350,480.4523621
-2246950,425350,479.8196716
-2246850,425350,479.2388306
-2246850,425350,479.2388306
-2246750,425350,478.5236511
-2246650,425250,478.1546326
-2246550,425250,477.588562
-2246450,425250,476.9967651
-2246450,425250,476.9967651
-2246350,425250,476.5415344
-2246250,425150,475.407959
-2246150,425150,474.6813354
-2246050,425150,474.1257324
-2246050,425150,474.1257324
-2245950,425150,473.5533142
-2245850,425150,472.7833557
-2245750,425150,472.0337219
-2245650,425150,471.3378906
-2245650,425150,471.3378906
-2245550,425150,470.6812134
-2245450,425250,469.9497986
-2245350,425250,469.2207642
-2245250,425250,468.5675049
-2245250,425250,468.5675049
-2245150,425250,467.8708191
-2245050,425350,466.8513184
-2244950,425350,466.1559753
-2244950,425350,466.1559753
-2244850,425450,465.3733521
-2244750,425450,464.78302
-2244650,425550,464.1661987
-2244650,425550,464.1661987
-2244550,425550,463.3230896
-2244450,425550,462.6216125
-2244350,425650,462.2688599
-2244250,425650,461.6253357
-2244150,425650,460.817627
-2244150,425650,460.817627
-2244050,425750,460.110321
-2244050,425750,460.110321
-2243950,425850,459.1741333
-2243850,425950,458.3926697
-2243750,426050,457.4919128
-2243750,426050,457.4919128
-2243650,426150,456.5427551
-2243650,426250,455.9250793
-2243650,426250,455.9250793
-2243550,426350,455.4125977
-2243450,426450,454.4518738
-2243450,426450,454.4518738
-2243350,426550,453.4838562
-2243250,426550,453.1903687
-2243150,426650,452.4796753
-2243150,426650,452.4796753
-2243050,426650,451.8911133
-2242950,426750,451.1345825
-2242850,426750,450.5971069
-2242750,426750,449.9216309
-2242750,426750,449.9216309
-2242650,426850,449.0471191
-2242550,426850,448.3417664
-2242450,426950,447.6070862
-2242350,426950,447.0941162
-2242350,426950,447.0941162
-2242250,426950,446.434906
-2242150,426850,446.0012817
-2242050,426850,445.4512634
-2242050,426850,445.4512634
-2241950,426850,444.832428
-2241850,426850,444.1776733
-2241750,426950,443.5862732
-2241650,426950,443.0890808
-2241550,426950,442.5612183
-2241450,426950,442.0519104
-2241450,426950,442.0519104
-2241350,426950,441.291626
-2241250,426950,440.918396
-2241150,427050,440.0094299
-2241050,427050,439.4664612
-2240950,427050,438.9694519
-2240950,427050,438.9694519
-2240850,427050,438.4023132
-2240750,426950,437.9583435
-2240650,426950,437.2331848
-2240550,426950,436.5690918
-2240550,426950,436.5690918
-2240450,426950,436.0587158
-2240350,427050,435.4995422
-2240250,427050,434.6303406
-2240150,427050,434.6689758
-2240150,427050,434.6689758
-2240050,427050,434.1599731
-2239950,427050,433.5840149
-2239850,427050,433.3372192
-2239750,427050,432.6201477
-2239650,427050,432.0541687
-2239650,427050,432.0541687
-2239550,427050,431.5644836
-2239450,427050,431.1520996
-2239350,426950,430.362854
-2239250,426950,429.98703
-2239150,426950,429.4354858
-2239150,426950,429.4354858
-2239050,427050,428.7417908
-2238950,427150,428.3520813
-2238950,427150,428.3520813
-2238850,427150,427.778717
-2238750,427250,427.976532
-2238650,427250,427.144989
-2238550,427250,426.4027405
-2238450,427350,425.796814
-2238350,427350,424.8699646
-2238350,427350,424.8699646
-2238250,427450,424.5276794
-2238150,427450,424.0803833
-2238050,427550,423.4012451
-2237950,427550,422.7847595
-2237850,427650,422.2385864
-2237850,427650,422.2385864
-2237750,427750,421.484314
-2237650,427750,420.9093018
-2237550,427850,420.0552368
-2237550,427850,420.0552368
-2237450,427850,419.459198
-2237450,427850,419.459198
-2237350,427950,418.6765442
-2237250,427950,418.2035217
-2237250,427950,418.2035217
-2237150,427950,417.8018494
-2237050,428050,416.8414612
-2236950,428050,416.6236267
-2236950,428050,416.6236267
-2236850,428050,416.3411865
-2236750,428050,416.3713074
-2236650,428150,415.540741
-2236550,428150,415.6170044
-2236450,428150,415.2268372
-2236450,428150,415.2268372
-2236350,428150,415.0681152
-2236250,428250,414.171936
-2236150,428250,413.9406128
-2236150,428250,413.9406128
-2236050,428350,413.3348389
-2235950,428350,412.7264099
-2235950,428350,412.7264099
-2235850,428450,412.050293
-2235750,428450,411.4526367
-2235750,428450,411.4526367
-2235650,428550,411.2367249
-2235550,428550,410.458374
-2235550,428550,410.458374
-2235450,428650,410.1538391
-2235450,428650,410.1538391
-2235350,428750,410.216095
-2235250,428850,409.9445496
-2235150,428950,409.0658569
-2235050,428950,408.4390564
-2234950,429050,408.0308838
-2234850,429150,407.4988098
-2234850,429150,407.4988098
-2234750,429250,407.1873474
-2234650,429350,406.4876404
-2234550,429350,406.1772766
-2234450,429450,405.7461853
-2234450,429450,405.7461853
-2234350,429550,405.3258972
-2234250,429650,405.0432739
-2234150,429750,404.4991455
-2234150,429750,404.4991455
-2234150,429850,404.3473206
-2234150,429950,403.8691101
-2234150,429950,403.8691101
-2234050,430050,403.410614
-2234050,430150,402.9311523
-2233950,430250,402.3022156
-2233950,430250,402.3022156
-2233850,430350,402.1740417
-2233850,430450,401.8776245
-2233750,430550,402.0089417
-2233750,430550,402.0089417
-2233650,430650,401.5552063
-2233550,430750,401.3259888
-2233450,430850,400.7993774
-2233450,430850,400.7993774
-2233350,430950,400.1259766
-2233250,430950,399.9942322
-2233150,431050,399.131073
-2233150,431050,399.131073
-2233050,431150,398.2325745
-2233050,431150,398.2325745
-2232950,431250,397.2243652
-2232850,431350,396.4501343
-2232850,431350,396.4501343
-2232750,431450,395.5647278
-2232750,431450,395.5647278
-2232650,431450,395.183136
-2232550,431550,394.1610718
-2232450,431550,393.905365
-2232450,431550,393.905365
-2232350,431550,393.5379639
-2232250,431550,393.0752563
-2232150,431550,392.6335449
-2232150,431550,392.6335449
-2232050,431650,391.6412354
-2231950,431650,391.5848083
-2231950,431650,391.5848083
-2231850,431650,391.4100037
-2231750,431650,390.7818298
-2231750,431650,390.7818298
-2231650,431650,390.7426453
-2231550,431650,390.3594055
-2231550,431650,390.3594055
-2231450,431650,389.9925232
-2231350,431750,389.8577576
-2231250,431750,389.2919922
-2231250,431750,389.2919922
-2231150,431850,388.5750427
-2231050,431850,388.177124
-2231050,431850,388.177124
-2230950,431850,387.5339355
-2230850,431850,386.6744385
-2230850,431850,386.6744385
-2230750,431950,386.4726563
-2230650,432050,385.5643311
-2230650,432050,385.5643311
-2230550,432050,385.315094
-2230550,432050,385.315094
-2230450,432050,385.1533203
-2230350,432050,384.4844971
-2230350,432050,384.4844971
-2230250,432150,384.344635
-2230150,432250,383.7271729
-2230150,432250,383.7271729
-2230050,432350,383.4383545
-2230050,432450,383.4958496
-2229950,432550,382.5714111
-2229950,432550,382.5714111
-2229850,432650,382.6444702
-2229850,432750,382.6676941
-2229850,432750,382.6676941
-2229850,432850,382.6819458
-2229850,432950,382.7053528
-2229850,432950,382.7053528
-2229750,433050,382.2134399
-2229650,433050,381.511261
-2229550,433150,380.7185364
-2229550,433150,380.7185364
-2229450,433250,379.7391968
-2229350,433350,379.6042175
-2229350,433350,379.6042175
-2229250,433450,379.3912964
-2229150,433550,379.401947
-2229150,433550,379.401947
-2229050,433650,379.3690796
-2228950,433650,379.2889099
-2228850,433750,378.5417786
-2228750,433750,378.2542725
-2228750,433750,378.2542725
-2228650,433850,377.2928162
-2228550,433850,376.9777222
-2228550,433850,376.9777222
-2228450,433950,376.102356
-2228350,434050,375.2824097
-2228350,434050,375.2824097
-2228250,434050,374.8279724
-2228150,434050,374.7241516
-2228050,434050,374.2495728
-2228050,434050,374.2495728
-2227950,433950,373.9861755
-2227950,433850,374.0505981
-2227950,433850,374.0505981
-2227850,433750,373.6167297
-2227850,433750,373.6167297
-2227750,433650,372.9412231
-2227750,433550,373.0855713
-2227750,433550,373.0855713
-2227850,433450,373.2468567
-2227850,433350,372.7388306
-2227850,433350,372.7388306
-2227750,433250,372.5611572
-2227750,433250,372.5611572
-2227650,433250,372.3194885
-2227650,433250,372.3194885
-2227550,433150,374.2785034
-2227550,433150,374.2785034
-2227450,433250,371.5639343
-2227450,433250,371.5639343
-2227350,433250,371.8688965
-2227350,433250,371.8688965
-2227250,433250,371.1651306
-2227150,433250,371.1395569
-2227150,433250,371.1395569
-2227050,433350,370.3905945
-2226950,433450,370.2416687
-2226950,433450,370.2416687
-2226850,433550,369.8773804
-2226850,433550,369.8773804
-2226750,433550,369.5493774
-2226650,433550,369.3633728
-2226650,433550,369.3633728
-2226550,433650,369.4664307
-2226450,433650,369.1697693
-2226450,433650,369.1697693
-2226350,433750,369.157074
-2226250,433750,368.391571
-2226250,433750,368.391571
-2226150,433750,368.3998108
-2226150,433750,368.3998108
-2226050,433850,368.3945618
-2226050,433950,368.6645203
-2226050,433950,368.6645203
-2225950,433950,368.3258362
-2225850,433950,368.1564331
-2225850,433950,368.1564331
-2225750,434050,367.9433289
-2225750,434050,367.9433289
-2225650,434050,367.4788818
-2225550,434050,367.0970764
-2225550,434050,367.0970764
-2225450,434050,366.4906616
-2225350,434050,366.1826172
-2225350,434050,366.1826172
-2225250,434050,365.8236694
-2225150,434050,365.4690247
-2225150,434050,365.4690247
-2225050,434050,365.0362549
-2224950,434050,364.4059753
-2224950,434050,364.4059753
-2224850,433950,363.6411133
-2224750,433950,363.2365417
-2224750,433950,363.2365417
-2224650,433850,362.6158447
-2224550,433850,362.1937256
-2224450,433750,362.0903931
-2224450,433750,362.0903931
-2224350,433650,361.9983826
-2224350,433650,361.9983826
-2224250,433550,361.7676697
-2224150,433550,361.5380554
-2224150,433550,361.5380554
-2224050,433450,361.6795044
-2224050,433450,361.6795044
-2223950,433450,361.2674255
-2223950,433450,361.2674255
-2223850,433450,360.9919434
-2223750,433450,360.847168
-2223750,433450,360.847168
-2223650,433350,359.9212036
-2223650,433350,359.9212036
-2223550,433350,359.370697
-2223450,433350,358.9070435
-2223450,433350,358.9070435
-2223350,433250,358.3038635
-2223350,433250,358.3038635
-2223250,433250,357.846405
-2223150,433250,357.4300842
-2223150,433250,357.4300842
-2223050,433250,357.1843262
-2222950,433250,356.7982483
-2222950,433250,356.7982483
-2222850,433350,356.3438721
-2222750,433350,356.1329651
-2222750,433350,356.1329651
-2222650,433350,355.6560364
-2222550,433350,355.2467041
-2222450,433350,354.6672363
-2222450,433350,354.6672363
-2222350,433350,354.1376038
-2222350,433350,354.1376038
-2222250,433450,353.5838623
-2222250,433450,353.5838623
-2222150,433550,353.052002
-2222050,433550,352.2214661
-2222050,433550,352.2214661
-2221950,433650,352.0958862
-2221850,433650,351.2878113
-2221850,433650,351.2878113
-2221750,433750,351.2701416
-2221650,433750,350.9080505
-2221650,433750,350.9080505
-2221550,433850,350.7738342
-2221450,433850,349.7175293
-2221450,433850,349.7175293
-2221350,433850,349.3912659
-2221250,433850,349.1680603
-2221250,433850,349.1680603
-2221150,433950,349.5525818
-2221050,433950,352.38797
-2221050,433950,352.38797
-2220950,433950,353.8804626
-2220850,433850,348.3914185
-2220750,433850,348.2447205
-2220750,433850,348.2447205
-2220650,433750,347.7163696
-2220550,433750,347.4186707
-2220550,433750,347.4186707
-2220450,433750,347.0618591
-2220350,433650,346.4416199
-2220250,433650,345.9337769
-2220250,433650,345.9337769
-2220150,433550,345.8218384
-2220050,433550,345.618103
-2219950,433450,345.3366089
-2219850,433450,345.3674622
-2219850,433450,345.3674622
-2219750,433350,344.788269
-2219650,433250,344.0989075
-2219550,433150,343.3800964
-2219550,433150,343.3800964
-2219450,433150,342.8007202
-2219350,433150,342.3468323
-2219250,433150,341.7997742
-2219250,433150,341.7997742
-2219150,433050,341.6395874
-2219050,432950,340.3071289
-2219050,432950,340.3071289
-2218950,432850,339.9925232
-2218850,432750,339.3213806
-2218850,432750,339.3213806
-2218750,432650,339.6802368
-2218750,432550,339.3639526
-2218650,432450,338.4057007
-2218650,432450,338.4057007
-2218550,432350,337.8714294
-2218450,432250,336.7570801
-2218450,432250,336.7570801
-2218350,432150,336.4959106
-2218350,432050,337.2884521
-2218250,431950,336.3397827
-2218250,431950,336.3397827
-2218150,431850,335.8728333
-2218150,431750,336.0751038
-2218150,431750,336.0751038
-2218050,431750,335.3674622
-2217950,431650,335.1251221
-2217850,431650,334.8792114
-2217850,431650,334.8792114
-2217750,431750,334.7680969
-2217650,431750,333.8822327
-2217650,431750,333.8822327
-2217550,431750,333.5679932
-2217450,431850,336.2467041
-2217350,431850,333.8005066
-2217350,431850,333.8005066
-2217250,431950,331.9943542
-2217250,432050,333.2044373
-2217250,432050,333.2044373
-2217150,432150,333.8581238
-2217050,432150,333.0440369
-2217050,432150,333.0440369
-2216950,432250,332.9133911
-2216950,432250,332.9133911
-2216850,432250,331.9879761
-2216850,432250,331.9879761
-2216750,432250,331.3089294
-2216650,432250,330.7007446
-2216650,432250,330.7007446
-2216550,432250,330.3411255
-2216450,432350,330.8291931
-2216350,432350,329.9463501
-2216350,432350,329.9463501
-2216250,432450,330.4402161
-2216150,432450,328.6066895
-2216150,432450,328.6066895
-2216050,432550,331.4541931
-2215950,432550,328.6836853
-2215950,432550,328.6836853
-2215850,432550,327.8202515
-2215750,432650,330.3191223
-2215650,432650,327.8323669
-2215650,432650,327.8323669
-2215550,432650,327.4928894
-2215450,432650,326.7867737
-2215450,432650,326.7867737
-2215350,432750,326.6797791
-2215250,432750,325.9213867
-2215150,432850,325.4226685
-2215050,432850,325.3409424
-2214950,432950,324.8304443
-2214950,432950,324.8304443
-2214850,433050,324.2902527
-2214750,433150,323.8891907
-2214750,433250,323.8334961
-2214650,433350,323.2744751
-2214650,433350,323.2744751
-2214550,433450,322.6323242
-2214550,433550,322.4114075
-2214550,433550,322.4114075
-2214450,433650,321.9779663
-2214450,433750,321.7643433
-2214350,433850,321.2042847
-2214350,433950,320.8777771
-2214250,434050,320.5237122
-2214250,434050,320.5237122
-2214150,434150,320.0778809
-2214050,434250,319.3042297
-2213950,434250,319.1598511
-2213850,434350,318.9343567
-2213850,434350,318.9343567
-2213750,434450,318.5309753
-2213650,434450,318.2792969
-2213550,434550,317.7765198
-2213450,434650,317.0701294
-2213350,434650,316.7797852
-2213250,434750,315.9707031
-2213250,434750,315.9707031
-2213150,434850,315.0814209
-2213050,434950,314.7386169
-2212950,434950,314.4844666
-2212850,435050,313.7770386
-2212750,435150,313.1174622
-2212750,435150,313.1174622
-2212650,435250,312.5184021
-2212550,435250,312.1921997
-2212450,435350,311.5371399
-2212350,435450,311.2145691
-2212250,435450,310.5649414
-2212150,435550,309.3718567
-2212150,435550,309.3718567
-2212050,435550,308.6191101
-2211950,435650,307.9607849
-2211850,435650,307.5007629
-2211750,435650,307.1303101
-2211750,435650,307.1303101
-2211650,435650,306.9160767
-2211550,435550,306.5104675
-2211450,435550,306.2929077
-2211350,435550,305.8394775
-2211350,435550,305.8394775
-2211250,435550,305.4250183
-2211150,435650,304.7194824
-2211050,435650,304.2503052
-2210950,435750,303.7705688
-2210850,435750,303.3255005
-2210850,435750,303.3255005
-2210750,435750,302.8831482
-2210650,435850,302.2943726
-2210550,435850,302.0565186
-2210550,435850,302.0565186
-2210450,435950,301.4305115
-2210350,435950,301.0482178
-2210250,436050,300.6592407
-2210250,436050,300.6592407
-2210150,436050,300.3238525
-2210050,436050,299.7605896
-2209950,436150,299.3275757
-2209850,436150,298.914856
-2209750,436150,298.561676
-2209750,436150,298.561676
-2209650,436150,298.065033
-2209550,436150,297.4705505
-2209450,436050,297.0892029
-2209350,436050,296.4526978
-2209250,436050,295.8380432
-2209150,436050,295.3881531
-2209150,436050,295.3881531
-2209050,436050,294.9528503
-2208950,436050,294.4656067
-2208850,436150,293.7953186
-2208750,436150,293.4372864
-2208650,436150,292.9753418
-2208650,436150,292.9753418
-2208550,436250,292.321228
-2208450,436250,291.9389954
-2208350,436350,291.2150574
-2208250,436450,290.6195068
-2208150,436450,290.3434143
-2208050,436550,289.723114
-2208050,436550,289.723114
-2207950,436650,288.9929504
-2207850,436650,288.5493774
-2207750,436750,287.8820496
-2207650,436750,287.6013794
-2207650,436750,287.6013794
-2207550,436750,287.2789612
-2207450,436850,286.5021362
-2207350,436850,286.16922
-2207250,436850,285.6506958
-2207250,436850,285.6506958
-2207150,436950,285.1705322
-2207050,436950,284.8583374
-2206950,437050,284.5359497
-2206850,437050,284.2431946
-2206750,437150,283.8327637
-2206750,437150,283.8327637
-2206650,437250,283.4033203
-2206550,437350,282.6652527
-2206450,437450,281.9925537
-2206450,437450,281.9925537
-2206350,437450,281.6091309
-2206250,437550,281.066803
-2206150,437550,280.5722961
-2206050,437650,279.895752
-2205950,437650,279.5540771
-2205850,437750,278.9181519
-2205750,437750,279.1243286
-2205650,437850,281.1076965
-2205550,437850,279.9523315
-2205450,437950,279.1055298
-2205350,437950,278.3568726
-2205250,438050,278.0808716
-2205150,438050,277.5279236
-2205150,438050,277.5279236
-2205050,438150,276.5796204
-2204950,438250,274.8822021
-2204950,438250,274.8822021
-2204950,438350,274.9542236
-2204850,438450,273.8761902
-2204850,438550,273.6230469
-2204850,438550,273.6230469
-2204750,438650,273.4017029
-2204650,438750,273.2103882
-2204550,438850,272.6066284
-2204450,438950,271.8702087
-2204450,438950,271.8702087
-2204450,439050,271.5151062
-2204450,439150,271.4391174
-2204350,439250,270.4095154
-2204350,439350,270.6463623
-2204350,439450,270.8729553
-2204350,439450,270.8729553
-2204250,439550,270.3771057
-2204150,439650,270.0391235
-2204150,439750,270.1668701
-2204050,439850,269.6549072
-2204050,439850,269.6549072
-2203950,439950,269.1606445
-2203850,439950,268.6953735
-2203750,440050,268.2394714
-2203650,440050,267.8000183
-2203550,440150,267.2315063
-2203450,440150,266.7990723
-2203450,440150,266.7990723
-2203350,440150,266.2159119
-2203250,440150,265.933075
-2203150,440250,265.4386292
-2203050,440250,265.3287048
-2202950,440250,264.9734192
-2202850,440250,264.5766602
-2202850,440250,264.5766602
-2202750,440250,264.1075745
-2202650,440250,263.5765686
-2202550,440250,263.1255798
-2202450,440250,262.8697205
-2202350,440250,262.4105225
-2202350,440250,262.4105225
-2202250,440250,262.0504761
-2202150,440250,261.7098389
-2202050,440250,261.2530823
-2201950,440350,260.2823792
-2201850,440350,260.0679626
-2201750,440350,259.9549561
-2201650,440350,259.7241821
-2201650,440350,259.7241821
-2201550,440350,259.4892578
-2201450,440250,259.0345459
-2201350,440250,258.7936096
-2201250,440250,258.42099
-2201250,440250,258.42099
-2201150,440150,257.8226013
-2201050,440150,257.6118774
-2200950,440050,257.1175232
-2200850,440050,256.9849854
-2200750,439950,256.690979
-2200650,439950,256.5208435
-2200650,439950,256.5208435
-2200550,439950,256.1781311
-2200450,439850,255.6731873
-2200350,439850,255.3683777
-2200250,439850,255.1729889
-2200150,439750,254.8064423
-2200050,439750,254.4864807
-2200050,439750,254.4864807
-2199950,439650,254.2716827
-2199850,439650,253.9889221
-2199750,439550,253.5366974
-2199650,439550,253.2121124
-2199650,439550,253.2121124
-2199550,439450,252.5914459
-2199450,439350,252.2088165
-2199350,439350,251.8612213
-2199250,439250,251.3488464
-2199150,439150,250.8688354
-2199150,439150,250.8688354
-2199050,439150,250.4336853
-2198950,439050,250.1451416
-2198850,439050,249.7578888
-2198750,439050,249.4234467
-2198650,438950,248.9838257
-2198550,438950,248.5871124
-2198550,438950,248.5871124
-2198450,438950,248.2683563
-2198350,438850,247.7234344
-2198250,438850,247.2374115
-2198150,438850,246.687027
-2198150,438850,246.687027
-2198050,438850,246.2827759
-2197950,438750,245.9456177
-2197850,438750,245.4847565
-2197750,438650,245.5403442
-2197650,438650,244.9353943
-2197650,438650,244.9353943
-2197550,438550,244.3934479
-2197450,438550,244.7610626
-2197350,438450,244.8988495
-2197350,438450,244.8988495
-2197250,438450,243.7768402
-2197150,438450,242.9143372
-2197050,438350,243.0383453
-2196950,438350,242.595047
-2196850,438350,242.1031952
-2196750,438350,241.4709625
-2196750,438350,241.4709625
-2196650,438350,240.8698578
-2196550,438350,240.4520111
-2196450,438250,240.0125427
-2196350,438250,239.810379
-2196250,438250,239.4794006
-2196150,438250,238.9042969
-2196150,438250,238.9042969
-2196050,438150,238.8086395
-2195950,438150,238.3044128
-2195950,438150,238.3044128
-2195850,438150,237.6104736
-2195750,438150,237.3400421
-2195650,438150,237.1933441
-2195550,438150,236.7682037
-2195550,438150,236.7682037
-2195450,438050,236.3913574
-2195350,438050,235.9420624
-2195250,437950,235.6650696
-2195250,437950,235.6650696
-2195150,437950,235.1429138
-2195050,437850,234.4892273
-2194950,437850,234.1447449
-2194850,437750,233.8276367
-2194750,437750,233.2797089
-2194750,437750,233.2797089
-2194650,437750,232.7500153
-2194550,437750,232.4429474
-2194450,437650,231.9694366
-2194350,437650,231.6790161
-2194250,437650,231.3651581
-2194250,437650,231.3651581
-2194150,437650,230.8583679
-2194050,437650,230.4629822
-2193950,437650,230.0202637
-2193850,437650,229.4726257
-2193750,437650,228.9828339
-2193650,437650,228.6042023
-2193650,437650,228.6042023
-2193550,437650,228.1889496
-2193450,437650,227.7471619
-2193350,437650,227.4605865
-2193250,437650,227.227951
-2193150,437650,226.8628235
-2193150,437650,226.8628235
-2193050,437650,226.3934937
-2192950,437650,226.0599823
-2192850,437650,225.5986786
-2192750,437650,225.2207947
-2192650,437650,225.0135956
-2192650,437650,225.0135956
-2192550,437750,224.8932953
-2192450,437850,225.0587921
-2192450,437850,225.0587921
-2192350,437850,224.6741028
-2192250,437950,224.1204529
-2192150,437950,223.821106
-2192050,437950,223.4011078
-2192050,437950,223.4011078
-2191950,437950,222.8555908
-2191850,437950,222.4454956
-2191750,437950,222.0919647
-2191650,438050,221.6737976
-2191550,438050,221.2933502
-2191450,438050,220.9654846
-2191350,438050,220.7249756
-2191350,438050,220.7249756
-2191250,437950,220.3153381
-2191150,437950,220.0316162
-2191050,437850,219.7950592
-2190950,437850,219.4071808
-2190950,437850,219.4071808
-2190850,437850,218.9104156
-2190750,437750,218.378891
-2190650,437750,217.8667603
-2190550,437650,217.2533722
-2190450,437650,217.0321655
-2190450,437650,217.0321655
-2190350,437650,216.8538666
-2190250,437650,216.5357208
-2190150,437550,216.0505371
-2190050,437550,215.6991425
-2189950,437550,215.3336792
-2189850,437550,214.9212036
-2189850,437550,214.9212036
-2189750,437550,214.4942474
-2189650,437550,214.1454926
-2189550,437550,213.6835327
-2189450,437550,213.40979
-2189350,437550,213.2250214
-2189250,437550,213.281189
-2189150,437550,212.9422913
-2189050,437550,212.5550232
-2189050,437550,212.5550232
-2188950,437550,211.9696808
-2188850,437550,211.4973602
-2188750,437550,211.0194855
-2188750,437550,211.0194855
-2188650,437450,210.2157898
-2188550,437450,209.5970001
-2188450,437350,209.2577057
-2188350,437350,208.7714691
-2188250,437250,208.1650391
-2188150,437250,207.8157349
-2188150,437250,207.8157349
-2188050,437150,207.6435242
-2187950,437150,207.2753601
-2187850,437050,206.7662048
-2187750,437050,206.5378265
-2187750,437050,206.5378265
-2187650,436950,205.9430237
-2187550,436850,205.3302307
-2187550,436750,205.023407
-2187450,436650,204.345047
-2187350,436550,204.0308685
-2187350,436550,204.0308685
-2187250,436450,203.6976776
-2187150,436350,203.1292877
-2187050,436250,202.6585693
-2186950,436250,202.6430969
-2186850,436150,202.2727814
-2186750,436050,201.7511444
-2186750,436050,201.7511444
-2186650,435950,201.3791351
-2186550,435850,200.9271545
-2186450,435850,200.601059
-2186350,435750,199.9882965
-2186350,435750,199.9882965
-2186250,435750,199.5062256
-2186150,435650,198.9989624
-2186050,435650,198.747879
-2185950,435550,198.4009094
-2185850,435550,198.1164093
-2185750,435450,197.5385132
-2185650,435450,197.1231079
-2185650,435450,197.1231079
-2185550,435450,196.7302094
-2185450,435450,196.3047791
-2185350,435450,195.8270264
-2185250,435350,195.5030212
-2185150,435350,194.9305878
-2185050,435350,194.4837494
-2184950,435350,194.1297913
-2184950,435350,194.1297913
-2184850,435250,193.7720032
-2184750,435150,193.7461853
-2184750,435050,193.6287689
-2184650,434950,193.0752258
-2184550,434850,192.586792
-2184550,434850,192.586792
-2184450,434750,191.8546448
-2184350,434750,191.7077942
-2184250,434650,191.3567963
-2184250,434650,191.3567963
-2184150,434550,191.2397461
-2184150,434450,191.8388977
-2184050,434350,190.4308014
-2184050,434250,190.6315308
-2183950,434150,193.6698303
-2183950,434150,193.6698303
-2183850,434050,204.9315033
-2183750,433950,204.0544891
-2183650,433950,193.6939392
-2183550,433850,205.5283813
-2183550,433850,205.5283813
-2183450,433850,197.788681
-2183350,433850,192.7892761
-2183250,433850,189.6353607
-2183250,433850,189.6353607
-2183150,433950,187.7947235
-2183050,434050,187.3542328
-2182950,434050,186.9085999
-2182850,434150,186.7240753
-2182850,434150,186.7240753
-2182750,434250,186.213562
-2182650,434350,185.8527222
-2182550,434450,185.1069183
-2182450,434550,186.1833496
-2182450,434550,186.1833496
-2182350,434550,185.2528381
-2182250,434550,184.5028687
-2182150,434550,183.8013916
-2182050,434550,183.6332703
-2182050,434550,183.6332703
-2181950,434450,183.5641937
-2181850,434350,182.9269104
-2181750,434250,182.611557
-2181750,434250,182.611557
-2181750,434150,182.7151337
-2181650,434050,182.3972931
-2181650,433950,182.995224
-2181650,433950,182.995224
-2181550,433950,181.8024902
-2181450,433850,181.329361
-2181350,433850,181.0020599
-2181350,433850,181.0020599
-2181250,433850,181.0126801
-2181150,433750,180.4687195
-2181050,433750,180.1521606
-2180950,433750,179.9765167
-2180850,433650,183.5297241
-2180750,433650,183.3541718
-2180750,433650,183.3541718
-2180650,433650,182.9232178
-2180550,433650,182.60849
-2180450,433750,178.7651062
-2180350,433750,180.7061615
-2180250,433750,182.7550812
-2180250,433750,182.7550812
-2180150,433750,183.0979004
-2180050,433850,180.1077576
-2179950,433850,179.6877136
-2179850,433850,178.5672302
-2179750,433850,177.4772491
-2179650,433950,176.2380219
-2179550,433950,175.9912872
-2179550,433950,175.9912872
-2179450,433950,175.7737579
-2179350,433950,175.4576263
-2179250,433950,175.220871
-2179150,433950,175.0401001
-2179150,433950,175.0401001
-2179050,433850,174.8314514
-2178950,433850,174.5574188
-2178850,433750,174.3304291
-2178750,433750,174.2300415
-2178650,433650,173.7756042
-2178650,433650,173.7756042
-2178550,433550,173.6009521
-2178450,433450,173.8892517
-2178450,433350,172.9865875
-2178350,433250,172.7051544
-2178350,433250,172.7051544
-2178250,433150,172.1820984
-2178250,433050,171.8340454
-2178150,432950,171.5692902
-2178150,432950,171.5692902
-2178050,432950,172.0892334
-2177950,432950,171.5385437
-2177850,432850,170.9935608
-2177750,432850,170.8219604
-2177650,432850,170.5323334
-2177650,432850,170.5323334
-2177550,432950,170.0439758
-2177450,433050,169.6662903
-2177350,433150,169.7841492
-2177350,433150,169.7841492
-2177250,433250,169.5134735
-2177150,433350,168.7251434
-2177050,433450,168.3952789
-2176950,433550,167.878891
-2176950,433550,167.878891
-2176850,433550,167.7384033
-2176750,433550,167.6022797
-2176650,433550,167.4802399
-2176550,433550,167.2443848
-2176550,433550,167.2443848
-2176450,433550,166.8153687
-2176350,433450,166.4880066
-2176250,433450,166.23526
-2176150,433450,167.228653
-2176150,433450,167.228653
-2176050,433450,166.9147491
-2175950,433350,165.9710846
-2175850,433350,165.9573822
-2175750,433250,165.5696411
-2175650,433250,165.2846375
-2175650,433250,165.2846375
-2175550,433350,165.1573944
-2175450,433350,164.9755402
-2175350,433450,164.2243042
-2175250,433450,164.1826019
-2175150,433550,163.7349243
-2175150,433550,163.7349243
-2175150,433650,163.4809418
-2175050,433750,163.1861267
-2175050,433850,162.807663
-2175050,433950,162.5849915
-2175050,433950,162.5849915
-2174950,434050,162.2078247
-2174850,434150,162.0066681
-2174850,434250,161.46492
-2174750,434350,161.0704956
-2174750,434350,161.0704956
-2174650,434350,161.1658936
-2174550,434350,161.2763977
-2174450,434350,161.568985
-2174350,434350,161.4993134
-2174250,434350,160.8610535
-2174150,434350,159.7365417
-2174050,434250,159.3559875
-2173950,434250,158.6446228
-2173850,434250,158.4565582
-2173750,434250,157.9845886
-2173650,434250,157.5753479
-2173550,434250,157.3589478
-2173450,434250,157.176178
-2173450,434250,157.176178
-2173350,434250,156.9560699
-2173250,434350,156.8223724
-2173150,434350,156.3462372
-2173050,434450,156.0844269
-2172950,434450,155.8470459
-2172950,434450,155.8470459
-2172850,434550,155.50383
-2172750,434650,155.1635742
-2172650,434750,154.8135986
-2172550,434850,154.4939575
-2172550,434850,154.4939575
-2172450,434950,154.1902161
-2172350,435050,153.6281433
-2172250,435150,153.1607513
-2172250,435250,152.6204987
-2172150,435350,152.1823883
-2172050,435450,151.6834717
-2172050,435450,151.6834717
-2171950,435550,151.0993958
-2171850,435650,150.684906
-2171850,435750,150.3982239
-2171750,435850,149.937088
-2171750,435850,149.937088
-2171650,435950,149.5547943
-2171550,436050,149.0434875
-2171450,436150,148.6816559
-2171450,436150,148.6816559
-2171350,436250,148.2727356
-2171250,436350,147.8994293
-2171150,436450,147.3770752
-2171050,436550,146.9094543
-2170950,436650,146.6602173
-2170950,436650,146.6602173
-2170850,436750,146.1996765
-2170750,436850,145.9795532
-2170650,436950,145.7318878
-2170550,437050,145.3771667
-2170550,437050,145.3771667
-2170450,437050,145.2576141
-2170350,437150,145.0281219
-2170250,437150,145.0398102
-2170150,437150,144.7942047
-2170050,437250,144.4039612
-2169950,437250,144.0746613
-2169950,437250,144.0746613
-2169850,437250,143.7531128
-2169750,437350,143.2317505
-2169650,437350,142.9062653
-2169550,437350,142.4838867
-2169450,437450,142.0368652
-2169350,437450,141.5659485
-2169350,437450,141.5659485
-2169250,437350,141.192627
-2169150,437350,140.8658752
-2169050,437250,140.5578308
-2168950,437250,140.1564178
-2168950,437250,140.1564178
-2168850,437250,139.8856659
-2168750,437250,139.62323
-2168650,437150,139.260437
-2168550,437150,138.8638153
-2168450,437150,138.5776978
-2168350,437150,138.236557
-2168350,437150,138.236557
-2168250,437250,137.932785
-2168150,437350,137.5034485
-2168050,437350,137.1231689
-2167950,437450,136.710434
-2167950,437450,136.710434
-2167850,437450,136.3603363
-2167750,437450,135.9621582
-2167650,437450,135.5265808
-2167550,437450,135.2215729
-2167450,437450,135.0614471
-2167450,437450,135.0614471
-2167350,437450,134.7651672
-2167250,437550,134.5082397
-2167150,437550,134.2980042
-2167050,437550,133.947525
-2166950,437650,133.5559387
-2166850,437650,133.1325531
-2166850,437650,133.1325531
-2166750,437650,132.6750336
-2166650,437750,132.3212891
-2166550,437750,132.0162048
-2166450,437850,131.5319672
-2166350,437850,131.2886353
-2166350,437850,131.2886353
-2166250,437850,131.1123657
-2166150,437950,130.9169922
-2166050,437950,130.5909576
-2165950,438050,130.3075409
-2165850,438050,130.2138672
-2165750,438150,129.9091187
-2165650,438150,129.7667236
-2165650,438150,129.7667236
-2165550,438150,129.6474457
-2165450,438150,129.2862854
-2165350,438250,128.7503204
-2165250,438250,128.3457184
-2165150,438250,128.0028992
-2165050,438250,127.5359116
-2165050,438250,127.5359116
-2164950,438250,127.0342178
-2164850,438250,126.7307205
-2164750,438150,127.1462555
-2164650,438150,126.6155014
-2164550,438150,126.1991959
-2164450,438150,126.0041885
-2164450,438150,126.0041885
-2164350,438150,125.8707657
-2164250,438150,125.803566
-2164150,438150,125.5730515
-2164050,438150,125.5053635
-2163950,438150,125.3516541
-2163850,438150,125.0933151
-2163750,438150,124.7862625
-2163750,438150,124.7862625
-2163650,438150,124.480545
-2163550,438150,124.1203613
-2163450,438150,123.8124008
-2163350,438150,123.4747162
-2163250,438150,123.2426987
-2163150,438150,123.1443939
-2163150,438150,123.1443939
-2163050,438050,123.149147
-2162950,438050,122.9030457
-2162850,437950,122.6039429
-2162750,437950,122.3003693
-2162750,437950,122.3003693
-2162650,437950,122.1098938
-2162550,437850,121.9303513
-2162450,437850,121.643631
-2162350,437850,121.2543564
-2162350,437850,121.2543564
-2162250,437850,120.8921204
-2162150,437750,122.3079071
-2162050,437750,121.9700775
-2161950,437750,121.1769638
-2161950,437750,121.1769638
-2161850,437850,118.9791718
-2161750,437950,118.5175781
-2161650,437950,118.0835495
-2161550,438050,117.651329
-2161550,438050,117.651329
-2161450,438150,117.242363
-2161350,438150,116.8817978
-2161250,438250,116.774498
-2161150,438250,116.815239
-2161150,438250,116.815239
-2161050,438250,116.7236252
-2160950,438250,116.5144272
-2160850,438250,116.133461
-2160850,438250,116.133461
-2160750,438150,115.9211807
-2160650,438050,115.8221054
-2160650,438050,115.8221054
-2160550,437950,115.4501724
-2160550,437850,115.3248596
-2160550,437850,115.3248596
-2160550,437750,115.1318588
-2160550,437650,114.8835831
-2160450,437550,114.3505554
-2160450,437450,114.1328354
-2160450,437350,113.7048416
-2160450,437350,113.7048416
-2160350,437250,113.2916641
-2160250,437250,113.1828766
-2160150,437150,112.5094376
-2160150,437150,112.5094376
-2160050,437050,111.7435455
-2159950,436950,110.8559418
-2159950,436950,110.8559418
-2159850,436950,110.6529388
-2159750,436850,110.5166473
-2159650,436850,110.5732346
-2159550,436850,109.7815857
-2159550,436850,109.7815857
-2159450,436850,108.8224945
-2159350,436750,108.5287933
-2159250,436750,107.9008179
-2159250,436750,107.9008179
-2159150,436650,107.1356201
-2159050,436550,106.6539154
-2159050,436150,105.8561478
-2159050,436250,106.2681351
-2159050,436350,106.3860016
-2159050,436450,106.4970169
-2159050,436550,106.6539154
-2159050,435750,104.3480911
-2159050,435850,104.8162384
-2159050,435950,105.1537704
-2159050,436050,105.3721695
-2159050,436150,105.8561478
-2159050,435750,104.3480911
-2159050,435650,104.1399612
-2158950,435550,103.5971222
-2158950,435450,103.132782
-2158950,435350,103.0392303
-2158950,435350,103.0392303
-2158950,435250,102.9002991
-2158850,435150,102.1343307
-2158850,435050,102.2846756
-2158850,435050,102.2846756
-2158750,434950,102.1471024
-2158650,434850,102.4665833
-2158550,434850,101.8028412
-2158450,434750,101.030365
-2158450,434750,101.030365
-2158350,434750,100.7295151
-2158250,434650,100.2172318
-2158150,434650,100.0158463
-2158150,434650,100.0158463
-2158050,434650,100.211441
-2157950,434650,100.7827682
-2157850,434650,100.7742691
-2157750,434650,100.5591736
-2157750,434650,100.5591736
-2157650,434650,100.319664
-2157550,434650,99.72665405
-2157450,434650,98.97128296
-2157350,434650,98.47090149
-2157250,434650,98.1676712
-2157150,434650,97.81284332
-2157150,434650,97.81284332
-2157050,434550,97.67475891
-2156950,434450,97.13931274
-2156950,434450,97.13931274
-2156850,434350,96.46981049
-2156750,434250,95.99963379
-2156750,434150,95.70458221
-2156650,434050,95.44255066
-2156650,434050,95.44255066
-2156550,433950,95.4376297
-2156450,433950,95.5091095
-2156350,433850,95.04198456
-2156250,433850,94.65872955
-2156150,433750,93.7880249
-2156150,433750,93.7880249
-2156050,433750,93.55108643
-2155950,433650,93.68857574
-2155850,433650,93.05690002
-2155750,433550,93.18883514
-2155650,433550,92.58848572
-2155650,433550,92.58848572
-2155550,433550,91.82925415
-2155450,433450,91.91414642
-2155350,433450,91.32418823
-2155250,433450,90.74484253
-2155250,433450,90.74484253
-2155150,433350,90.86641693
-2155050,433350,90.38310242
-2154950,433250,90.30939484
-2154950,433250,90.30939484
-2154850,433150,89.99385834
-2154750,433150,89.87374115
-2154650,433050,89.44789124
-2154550,433050,89.24061584
-2154450,432950,88.63101959
-2154350,432950,88.70441437
-2154350,432950,88.70441437
-2154250,432850,88.21913147
-2154150,432850,87.81874084
-2154050,432750,87.55645752
-2153950,432750,87.61645508
-2153850,432650,87.12916565
-2153750,432650,87.12081909
-2153650,432550,86.18862915
-2153650,432550,86.18862915
-2153550,432450,85.52916718
-2153550,432350,85.51412964
-2153550,432350,85.51412964
-2153450,432350,85.07429504
-2153350,432250,84.57880402
-2153250,432250,84.33559418
-2153150,432250,84.05710602
-2153150,432250,84.05710602
-2153050,432150,83.77720642
-2152950,432050,83.47107697
-2152950,432050,83.47107697
-2152850,431950,83.35334778
-2152750,431850,82.80490112
-2152750,431850,82.80490112
-2152650,431850,82.60388947
-2152550,431850,82.43946075
-2152450,431850,82.23099518
-2152450,431850,82.23099518
-2152350,431750,81.95592499
-2152350,431650,81.93583679
-2152350,431650,81.93583679
-2152250,431650,81.54450226
-2152150,431650,81.20952606
-2152150,431650,81.20952606
-2152150,431550,80.8837204
-2152050,431450,80.37409973
-2152050,431350,79.98281097
-2152050,431350,79.98281097
-2151950,431250,79.3874588
-2151850,431150,78.96385193
-2151850,431150,78.96385193
-2151750,431050,78.4671402
-2151650,430950,78.14624786
-2151650,430950,78.14624786
-2151550,430850,77.68541718
-2151550,430850,77.68541718
-2151450,430750,77.08070374
-2151350,430750,76.81019592
-2151350,430750,76.81019592
-2151250,430650,76.14671326
-2151250,430650,76.14671326
-2151150,430550,75.55337524
-2151150,430450,75.33642578
-2151150,430450,75.33642578
-2151050,430350,74.91348267
-2151050,430250,74.83659363
-2150950,430150,74.06135559
-2150950,430150,74.06135559
-2150850,430050,73.39286804
-2150850,429950,73.17858887
-2150750,429850,72.39875793
-2150750,429850,72.39875793
-2150650,429750,71.40384674
-2150650,429750,71.40384674
-2150650,429650,71.331604
-2150550,429550,70.85417175
-2150550,429450,70.47953033
-2150550,429450,70.47953033
-2150450,429350,69.9956665
-2150450,429350,69.9956665
-2150350,429250,69.51442719
-2150350,429250,69.51442719
-2150250,429150,69.0430603
-2150150,429150,69.06878662
-2150150,429150,69.06878662
-2150050,429050,68.66314697
-2150050,428950,68.56552124
-2150050,428950,68.56552124
-2149950,428850,67.99468231
-2149850,428850,67.74822998
-2149850,428850,67.74822998
-2149750,428750,67.18079376
-2149750,428650,67.02183533
-2149650,428550,66.28572083
-2149650,428550,66.28572083
-2149550,428450,65.65188599
-2149450,428450,65.70170593
-2149450,428450,65.70170593
-2149350,428450,65.3663559
-2149250,428450,64.87789917
-2149250,428450,64.87789917
-2149150,428350,64.31978607
-2149050,428250,63.86172867
-2149050,428250,63.86172867
-2148950,428150,63.22880554
-2148850,428050,62.52550507
-2148850,428050,62.52550507
-2148850,427950,62.32396317
-2148750,427850,62.09127426
-2148750,427750,61.99064255
-2148750,427650,61.63274384
-2148750,427650,61.63274384
-2148650,427550,61.38889313
-2148650,427450,61.17434311
-2148550,427350,60.88447189
-2148550,427350,60.88447189
-2148450,427250,60.69535828
-2148350,427250,60.49207306
-2148250,427150,60.07964706
-2148150,427150,59.76547241
-2148150,427150,59.76547241
-2148050,427050,58.9239502
-2148050,426950,58.47996902
-2147950,426850,57.68564606
-2147950,426750,57.08215332
-2147950,426750,57.08215332
-2147950,426650,56.81624222
-2147850,426550,55.9982605
-2147850,426450,55.68406296
-2147850,426350,55.35110474
-2147850,426350,55.35110474
-2147750,426250,55.30918503
-2147750,426150,54.9693718
-2147750,426150,54.9693718
-2147650,426050,54.63121796
-2147550,426050,54.60219955
-2147450,425950,54.12324142
-2147450,425950,54.12324142
-2147350,425850,53.75810623
-2147250,425750,53.2104187
-2147250,425750,53.2104187
-2147150,425650,52.78755951
-2147050,425650,52.63214874
-2147050,425650,52.63214874
-2147050,425550,52.15510178
-2146950,425450,51.62298584
-2146950,425350,50.90576553
-2146950,425350,50.90576553
-2146850,425250,50.09089279
-2146850,425150,49.56113052
-2146850,425150,49.56113052
-2146750,425050,48.97269821
-2146650,425050,48.99330521
-2146550,424950,49.07943726
-2146550,424950,49.07943726
-2146450,424850,48.18367004
-2146350,424750,46.78569794
-2146250,424650,45.97806168
-2146150,424550,45.34092712
-2146150,424550,45.34092712
-2146050,424450,45.00832367
-2146050,424350,44.46834564
-2145950,424250,43.73405075
-2145950,424250,43.73405075
-2145850,424150,43.51927948
-2145750,424050,42.7212677
-2145750,424050,42.7212677
-2145650,423950,42.26411819
-2145550,423850,42.02045059
-2145450,423850,41.68416214
-2145350,423750,41.08391571
-2145350,423550,41.53046799
-2145350,423650,41.01464081
-2145350,423750,41.08391571
-2145350,423550,41.53046799
-2145250,423450,41.30707169
-2145250,423350,39.66044235
-2145250,423350,39.66044235
-2145150,423250,38.67534637
-2145150,423150,38.52056503
-2145150,423150,38.52056503
-2145050,423050,38.10694885
-2144950,423050,38.99987793
-2144850,422950,38.6836319
-2144850,422950,38.6836319
-2144750,422850,38.16505051
-2144750,422750,37.26020813
-2144650,422650,36.58727646
-2144650,422650,36.58727646
-2144550,422550,35.81923676
-2144450,422450,35.15969849
-2144450,422450,35.15969849
-2144350,422350,34.66013336
-2144250,422250,34.41806793
-2144250,422250,34.41806793
-2144150,422150,34.33454132
-2144050,422050,33.92690277
-2143950,421950,33.46818542
-2143950,421950,33.46818542
-2143850,421850,32.92015839
-2143750,421750,32.15129471
-2143750,421750,32.15129471
-2143650,421650,32.28925323
-2143650,421550,31.75969696
-2143650,421550,31.75969696
-2143550,421450,30.8246727
-2143550,421350,30.90767288
-2143550,421350,30.90767288
-2143450,421250,30.65345383
-2143450,421150,30.26740837
-2143450,421150,30.26740837
-2143350,421050,29.80543137
-2143350,420950,29.26366615
-2143350,420950,29.26366615
-2143350,420850,28.76185799
-2143250,420750,28.81808662
-2143250,420650,28.05355263
-2143250,420650,28.05355263
-2143150,420550,27.95418549
-2143150,420450,27.40213585
-2143150,420450,27.40213585
-2143150,420350,27.16781807
-2143250,420250,27.0216713
-2143250,420150,26.65154457
-2143250,420150,26.65154457
-2143250,420050,26.49269676
-2143150,419950,26.29067039
-2143150,419850,25.71725655
-2143150,419850,25.71725655
-2143050,419750,25.2213459
-2143050,419650,24.8741188
-2143050,419650,24.8741188
-2142950,419550,24.31918716
-2142950,419450,24.15882492
-2142950,419450,24.15882492
-2142850,419350,23.61899376
-2142750,419350,23.3792057
-2142750,419350,23.3792057
-2142750,419250,23.16590309
-2142650,419150,22.75401878
-2142650,419050,22.28077507
-2142650,418850,22.16178513
-2142650,418950,22.27678299
-2142650,419050,22.28077507
-2142650,418650,21.53422165
-2142650,418750,21.90570831
-2142650,418850,22.16178513
-2142650,418650,21.53422165
-2142650,418550,21.27980995
-2142550,418450,20.98238945
-2142550,418350,20.66073418
-2142550,418050,19.54320526
-2142550,418150,20.21295738
-2142550,418250,20.3937912
-2142550,418350,20.66073418
-2142550,418050,19.54320526
-2142650,417950,19.70845985
-2142650,417850,19.54846954
-2142650,417850,19.54846954
-2142750,417750,19.24650764
-2142750,417650,19.2152195
-2142750,417650,19.2152195
-2142650,417550,18.44169044
-2142650,417450,19.84931183
-2142550,417350,18.10523415
-2142550,417350,18.10523415
-2142450,417250,17.31594086
-2142350,417150,17.13545227
-2142250,417050,16.5897522
-2142250,417050,16.5897522
-2142150,416950,16.30478668
-2142150,416850,16.60246277
-2142050,416750,15.98239517
-2142050,416650,16.46561623
-2142050,416650,16.46561623
-2141950,416650,15.74033546
-2141850,416550,15.61938572
-2141750,416550,15.62006664
-2141650,416550,15.73538971
-2141650,416550,15.73538971
-2141550,416450,15.06430912
-2141450,416450,14.72189617
-2141450,416450,14.72189617
-2141350,416450,14.78464222
-2141250,416450,14.20240021
-2141150,416450,14.29481411
-2141150,416450,14.29481411
-2141050,416350,13.84054756
-2140950,416350,13.24340439
-2140950,416350,13.24340439
-2140950,416250,13.1827364
-2140850,416150,12.77466965
-2140850,416050,12.09477234
-2140850,416050,12.09477234
-2140750,415950,12.60407639
-2140750,415850,11.84988689
-2140750,415850,11.84988689
-2140650,415750,11.89004803
-2140550,415750,11.91832924
-2140550,415750,11.91832924
-2140450,415650,11.60832882
-2140350,415550,10.91231632
-2140350,415550,10.91231632
-2140250,415450,10.03918743
-2140250,415350,9.997035027
-2140250,415350,9.997035027
-2140150,415250,9.996912956
-2140050,415150,9.914375305
-2140050,415150,9.914375305
-2139950,415050,9.446785927
-2139850,415050,9.570327759
-2139750,414950,9.131774902
-2139750,414950,9.131774902
-2139650,414850,8.688533783
-2139650,414850,8.688533783
-2139550,414750,8.458796501
-2139550,414650,8.165323257
-2139450,414550,7.804955482
-2139450,414550,7.804955482
-2139350,414450,7.431056499
-2139350,414350,7.321620464
-2139250,414250,6.942512512
-2139250,414250,6.942512512
-2139150,414250,6.714876652
-2139050,414150,6.456882477
-2138950,414150,6.138373375
-2138950,414150,6.138373375
-2138850,414050,5.900957584
-2138850,414050,5.900957584
-2138850,413950,5.689395428
-2138750,413850,5.363800526
-2138750,413750,5.119013786
-2138750,413750,5.119013786
-2138650,413650,4.803321362
-2138650,413650,4.803321362
-2138550,413650,4.819596291
-2138450,413550,4.42774725
-2138350,413550,4.248174191
-2138250,413550,3.966120243
-2138250,413550,3.966120243
-2138150,413450,3.744870424
-2138150,413350,3.53749299
-2138050,413250,3.188312769
-2138050,413050,3.186429501
-2138050,413150,3.041401386
-2138050,413250,3.188312769
-2138050,413050,3.186429501
-2137950,413050,2.760266542
-2137850,413050,2.477040291
-2137750,413050,2.258522749
-2137750,413050,2.258522749
-2137650,412950,2.125021458
-2137550,412950,2.01039362
-2137550,412950,2.01039362
-2137450,412850,2.685919762
-2137350,412850,2.299007177
-2137250,412750,1.896798134
-2137250,412750,1.896798134
-2137150,412650,1.616600871
-2137050,412650,1.241403699
-2137050,412650,1.241403699
-2136950,412550,0.978227615
-2136850,412550,0.796136796
-2136850,412550,0.796136796
-2136750,412450,0.389389604
-2136750,412350,0.423706234
-2136750,412350,0.423706234
-2136650,412350,0.610256791
-2136550,412350,0.678375781
-2136450,412350,0.030580338
-2136350,412350,-0.125133619
-2136350,412350,-0.125133619
-2136250,412250,-0.135528311
-2136150,412250,-0.388887346
-2136150,412250,-0.388887346
-2136050,412150,-0.645147681
-2135950,412050,-1.052948356
-2135950,412050,-1.052948356
-2135850,411950,-1.13900125
-2135850,411850,-1.278306723
-2135850,411850,-1.278306723
-2135850,411850,-1.278306723
-2135750,411750,-1.546688914
-2135650,411750,-1.549631476
-2135650,411750,-1.549631476
-2135650,411750,-1.549631476
-2135550,411650,-1.815883279
-2135550,411650,-1.815883279
-2135650,411550,-1.760480285
-2135650,411450,-1.881708264
-2135650,411350,-2.04138732
-2135650,411450,-1.881708264
-2135650,411150,-2.524267673
-2135650,411250,-2.376164436
-2135650,411350,-2.04138732
-2135650,410950,-2.550875664
-2135650,411050,-2.514527559
-2135650,411150,-2.524267673
-2135650,410950,-2.550875664
-2135750,410850,-1.855799079
-2135750,410850,-1.855799079
-2135650,410750,-2.07357049
-2135550,410750,-2.453439951
-2135550,410750,-2.453439951
-2135450,410650,-2.346271992
-2135450,410650,-2.346271992
-2135350,410650,-2.48681426
-2135250,410650,-2.362972498
-2135250,410650,-2.362972498
-2135150,410750,-2.492955208
-2135150,410750,-2.492955208
-2135050,410850,-2.446394682
-2134950,410850,-1.890276432
-2134950,410850,-1.890276432
-2134850,410850,-1.886648655
-2134750,410850,-1.950470805
-2134750,410850,-1.950470805
-2134650,410850,-1.99805069
-2134550,410850,-2.081316233
-2134550,410850,-2.081316233
-2134450,410950,-2.155011177
-2134450,410950,-2.155011177
-2134450,411050,-2.036983967
-2134450,411050,-2.036983967
-2134450,411150,-1.990194082
-2134450,411250,-2.311939001
-2134450,411250,-2.311939001
-2134450,411350,-2.308370829
-2134450,411350,-2.308370829
-2134550,411450,-0.86112684
-2134550,411550,1.329835653
-2134550,411550,1.329835653
-2134550,411650,0.817728221
-2134550,411750,-0.245429873
-2134550,411750,-0.245429873
-2134550,411850,-1.11060822
-2134550,411950,-1.94475472
-2134550,411950,-1.94475472
-2134650,412050,-2.201732397
-2134650,412050,-2.201732397
-2134750,412150,-2.415886402
-2134750,412150,-2.415886402
-2134750,412250,-2.017256975
-2134750,412250,-2.017256975
-2134750,412350,-2.246288538
-2134750,412450,-2.438433647
-2134750,412450,-2.438433647
-2134750,412450,-2.438433647
-2134650,412450,-2.467458963
-2134550,412450,-2.447183609
-2134450,412450,-2.273584843
-2134450,412450,-2.273584843
-2134350,412550,-2.232013464
-2134250,412550,-2.612425804
-2134250,412550,-2.612425804
-2134250,412650,-2.563707829
-2134250,412650,-2.563707829
-2134150,412550,-2.744241714
-2134050,412550,-2.667133331
-2134050,412550,-2.667133331
-2133950,412450,-2.323291779
-2133950,412350,-2.239041567
-2133950,412450,-2.323291779
-2133950,412250,-2.327780247
-2133950,412350,-2.239041567
-2133950,412250,-2.327780247
-2133850,412150,-2.542417526
-2133850,412050,-2.358981848