SampleID,Date,DOY,Site,Depth (cm),DOC (mg/L),GG-SQ1,GG-SQ2,GG-OQ,GG-PS,GG-SH,GG-OH,GG-P1,GG-P2,Percent Protein,Ftot,(GG-P1:GG-P1+GG-P2),GG-SQ1_DOC,GG-SQ2_DOC,GG-OQ_DOC,GG-PS_DOC,GG-SH_DOC,GG-OH_DOC,GG-P1_DOC,GG-P2_DOC,Percent Protein_DOC,Ftot_DOC,(GG-P1:GG-P1+GG-P2)_DOC,Percent_GG-SQ1,Percent_GG-SQ2,Percent_GG-OQ,Percent_GG-SH,Percent_GG-OH,Percent_GG-P1,Percent_GG-P2,FI,max emission at 370nm,a254cm,HIX,BIX,LAT,LONG,,,,
13MB189,3/21/2013,80,GW1,9.41 - 18.55m,0.28,0.05,0.07,0.02,0.38,0.08,0.02,0.63,0.02,73.78,0.87,0.97,0.17,0.25,0.05,1.36,0.28,0.06,2.25,0.06,73.78,3.12,0.97,5.4,8.08,1.73,9.09,1.92,71.88,1.9,1.68,444,0,0.64,1.05,,,,,,
13MB190,4/10/2013,100,GW1,9.41 - 18.55m,0.14,0.02,0.07,0,0.5,0.06,0.01,0.24,0.01,61.57,0.41,0.95,0.14,0.53,0,3.55,0.39,0.06,1.71,0.1,61.57,2.93,0.95,4.85,17.97,0,13.44,2.17,58.23,3.34,1.56,446,0,1.33,1.05,,,,,,
13MB193,5/10/2013,130,GW1,9.41 - 18.55m,0.18,0.11,0.13,0.21,0.55,0.2,0.04,0.54,0.03,45.76,1.25,0.94,0.59,0.71,1.15,3.08,1.09,0.24,3,0.19,45.76,6.97,0.94,8.52,10.17,16.44,15.62,3.49,43.06,2.7,1.67,430,0,1.16,0.97,,,,,,
13MB195,5/17/2013,137,GW1,9.41 - 18.55m,0.25,0.02,0.05,0.04,0.26,0.04,0,0.51,0,77.14,0.65,1,0.09,0.18,0.14,1.04,0.18,0.01,2.02,0,77.14,2.62,1,3.28,7.05,5.44,6.84,0.24,77.14,0,1.66,430,0.01,0.49,1.06,,,,,,
13MB197,7/18/2013,199,GW1,9.41 - 18.55m,0.22,0.07,0.09,0.16,0.55,0.15,0.02,0.52,0.02,52.58,1.03,0.96,0.31,0.41,0.72,2.5,0.68,0.11,2.36,0.11,52.58,4.7,0.96,6.6,8.64,15.4,14.49,2.29,50.28,2.3,1.52,428,0.04,0.97,0.98,,,,,,
13MB191,5/10/2013,130,GW6,8.20-17.34m,0.23,0.09,0.09,0.2,0.45,0.15,0.09,0.53,0.01,46.58,1.16,0.98,0.38,0.41,0.86,1.97,0.63,0.4,2.3,0.04,46.58,5.03,0.98,7.65,8.17,17.06,12.59,7.95,45.71,0.87,1.59,450,0,1.18,0.91,,,,,,
13MB199,7/18/2013,199,GW6,8.20-17.34m,0.22,0.08,0.08,0.15,0.33,0.06,0.07,0.48,0,51.85,0.93,1,0.38,0.36,0.68,1.48,0.28,0.34,2.19,0,51.85,4.23,1,9.01,8.55,16.01,6.54,8.04,51.85,0,1.45,456,0,1.12,0.79,,,,,,
13MB165,3/27/2013,86,M1-Snow,NA,0.58,0.06,0.1,0,0.74,0.04,0.1,0.54,0.19,70.36,1.04,0.74,0.11,0.17,0,1.28,0.07,0.17,0.93,0.33,70.36,1.78,0.74,6.14,9.68,0,4.02,9.8,51.84,18.52,1.42,456,0.03,0.73,0.76,40.0146,-105.4684,,,,
13MB106,4/12/2013,102,M1-Snow,NA,0.81,0.08,0.13,0.31,0.75,0.01,0.18,0.45,0.13,44.93,1.28,0.78,0.09,0.16,0.38,0.93,0.01,0.23,0.55,0.16,44.93,1.59,0.78,5.96,9.85,24.11,0.87,14.29,34.83,10.1,1.2,458,0.02,1.05,0.6,40.0146,-105.4684,,,,
13MB150,4/24/2013,114,M1-Snow,NA,0.55,0.1,0.1,0.29,0.5,0.08,0.1,0.44,0.2,49.1,1.32,0.68,0.18,0.18,0.53,0.91,0.14,0.19,0.8,0.37,49.1,2.38,0.68,7.45,7.43,22.29,5.87,7.86,33.53,15.57,1.24,462,0.01,0.9,0.84,40.0146,-105.4684,,,,
13MB178,3/29/2013,88,M2,10,11.36,0.35,0.23,0.47,0.22,0.1,0.16,0.14,0.06,13.05,1.49,0.71,0.03,0.02,0.04,0.02,0.01,0.01,0.01,0,13.05,0.13,0.71,23.29,15.44,31.3,6.38,10.54,9.26,3.79,1.34,464,0.16,6.09,0.47,40.0141,-105.4685,,,,
13MB124,4/4/2013,94,M2,10,29.91,0.4,0.22,0.56,0.09,0.08,0.15,0.02,0.02,2.6,1.45,0.58,0.01,0.01,0.02,0,0,0.01,0,0,2.6,0.05,0.58,27.84,14.95,38.69,5.36,10.55,1.51,1.09,1.28,474,0.12,21.29,0.46,40.0141,-105.4685,,,,
13MB115,4/6/2013,96,M2,10,4.44,0.33,0.2,0.54,0.19,0.08,0.16,0.11,0.09,13.26,1.5,0.54,0.08,0.04,0.12,0.04,0.02,0.04,0.02,0.02,13.26,0.34,0.54,22.27,13.21,35.64,5.12,10.52,7.21,6.05,1.3,474,0.12,5.76,0.54,40.0141,-105.4685,,,,
13MB105,4/12/2013,102,M2,20,35.48,0.39,0.22,0.58,0.07,0.08,0.16,0.03,0,1.8,1.44,1,0.01,0.01,0.02,0,0,0,0,0,1.8,0.04,1,26.74,15.42,39.92,5.3,10.82,1.8,0,1.33,466,0.14,21.86,0.45,40.0141,-105.4685,,,,
13MB135,4/20/2013,110,M2,10,33.66,0.4,0.22,0.55,0.09,0.07,0.16,0.04,0.01,3.63,1.46,0.79,0.01,0.01,0.02,0,0,0,0,0,3.63,0.04,0.79,27.4,14.9,37.85,5.1,11.12,2.87,0.77,1.27,474,0.14,16.45,0.46,40.0141,-105.4685,,,,
13MB141,4/22/2013,112,M2,10,28.6,0.41,0.22,0.55,0.08,0.08,0.16,0.04,0.02,3.6,1.47,0.69,0.01,0.01,0.02,0,0,0.01,0,0,3.6,0.05,0.69,27.73,15.13,37.55,5.25,10.74,2.49,1.11,1.28,472,0.13,17.87,0.45,40.0141,-105.4685,,,,
13MB142,4/22/2013,112,M2,20,23.69,0.39,0.23,0.55,0.09,0.07,0.16,0.05,0.01,4.07,1.46,0.88,0.02,0.01,0.02,0,0,0.01,0,0,4.07,0.06,0.88,26.62,15.59,37.61,4.8,11.32,3.58,0.49,1.33,470,0.11,15.72,0.44,40.0141,-105.4685,,,,
13MB087,4/24/2013,114,M2,10,13,0.4,0.22,0.56,0.11,0.08,0.17,0.06,0.04,6.37,1.53,0.62,0.03,0.02,0.04,0.01,0.01,0.01,0,0,6.37,0.12,0.62,26.07,14.57,36.62,4.94,11.42,3.97,2.39,1.28,468,0.14,11.2,0.48,40.0141,-105.4685,,,,
13MB081,4/24/2013,114,M2,20,36.63,0.43,0.25,0.54,0.1,0.09,0.16,0.11,0.02,8.18,1.59,0.83,0.01,0.01,0.01,0,0,0,0,0,8.18,0.04,0.83,26.79,15.69,33.81,5.4,10.13,6.79,1.38,1.3,470,0.16,11.51,0.46,40.0141,-105.4685,,,,
13MB072,5/4/2013,124,M2,10,37.87,0.42,0.22,0.53,0.11,0.07,0.19,0.03,0.01,2.5,1.47,0.82,0.01,0.01,0.01,0,0,0,0,0,2.5,0.04,0.82,28.91,15.18,36.05,4.5,12.85,2.06,0.44,1.26,468,0.18,17.37,0.45,40.0141,-105.4685,,,,
13MB034,5/7/2013,127,M2,20,37.67,0.43,0.23,0.54,0.1,0.07,0.18,0.05,0,3.42,1.5,0.99,0.01,0.01,0.01,0,0,0,0,0,3.42,0.04,0.99,28.58,15.69,35.76,4.46,12.09,3.39,0.03,1.28,476,0.17,17.11,0.43,40.0141,-105.4685,,,,
13MB054,5/9/2013,129,M2,20,17.96,0.26,0.12,0.65,0.13,0,0.19,0.06,0.02,6.25,1.3,0.72,0.01,0.01,0.04,0.01,0,0.01,0,0,6.25,0.07,0.72,19.97,8.85,49.99,0,14.94,4.5,1.75,1.29,472,0.81,11.43,0.46,40.0141,-105.4685,,,,
13MB064,5/10/2013,130,M2,10,32.11,0.43,0.23,0.54,0.11,0.07,0.18,0.05,0.01,3.91,1.51,0.91,0.01,0.01,0.02,0,0,0.01,0,0,3.91,0.05,0.91,28.67,15.3,35.58,4.53,12,3.55,0.36,1.26,470,0.17,15.75,0.44,40.0141,-105.4685,,,,
13MB066,5/10/2013,130,M2,20,45.61,0.41,0.22,0.5,0.13,0.05,0.2,0.04,0,2.94,1.43,1,0.01,0,0.01,0,0,0,0,0,2.94,0.03,1,29.04,15.58,34.96,3.83,13.65,2.94,0,1.27,472,0.11,14.91,0.43,40.0141,-105.4685,,,,
13MB157,5/12/2013,132,M2,20,37.94,0.41,0.22,0.57,0.08,0.06,0.18,0.03,0,2.06,1.46,1,0.01,0.01,0.01,0,0,0,0,0,2.06,0.04,1,28.11,14.98,38.87,3.88,12.1,2.06,0,1.27,472,0.19,22.53,0.42,40.0141,-105.4685,,,,
13MB166,3/27/2013,86,M2-Snow,NA,1.41,0.29,0.18,0.45,0.32,0.04,0.17,0.24,0.1,23.66,1.47,0.7,0.2,0.13,0.32,0.23,0.03,0.12,0.17,0.07,23.66,1.04,0.7,19.53,12.27,30.43,2.66,11.44,16.6,7.06,1.27,476,0.06,2.47,0.5,40.0141,-105.4685,,,,
13MB107,4/12/2013,102,M2-Snow,NA,1.42,0.21,0.19,0.39,0.48,0.06,0.19,0.5,0.13,38.15,1.66,0.79,0.15,0.13,0.27,0.34,0.04,0.13,0.35,0.09,38.15,1.17,0.79,12.58,11.22,23.31,3.57,11.17,30.29,7.86,1.29,474,0.03,1.61,0.56,40.0141,-105.4685,,,,
13MB133,4/20/2013,110,M2-Snow,NA,1.19,0.13,0.11,0.18,0.63,0.06,0.11,0.36,0.15,45.95,1.1,0.71,0.11,0.09,0.15,0.53,0.05,0.09,0.3,0.12,45.95,0.93,0.71,12.2,10,16.49,5.25,10.11,32.61,13.34,1.27,466,0.05,1.47,0.68,40.0141,-105.4685,,,,
13MB151,4/24/2013,114,M2-Snow,NA,0.33,0.01,0.07,0.05,0.66,0.03,0.08,0.52,0.32,77.91,1.08,0.62,0.02,0.22,0.15,1.99,0.08,0.24,1.55,0.97,77.91,3.23,0.62,0.69,6.66,4.66,2.59,7.49,48,29.91,1.38,466,0.01,0.54,1.1,40.0141,-105.4685,,,,
13MB111,4/12/2013,102,M3,25,20.96,0.44,0.23,0.49,0.12,0.08,0.15,0.06,0,4.15,1.45,1,0.02,0.01,0.02,0.01,0,0.01,0,0,4.15,0.07,1,30.36,15.97,33.56,5.57,10.4,4.15,0,1.3,474,0.17,12.44,0.43,40.0127,-105.4688,,,,
13MB143,4/22/2013,112,M3,25,19.76,0.45,0.24,0.49,0.11,0.09,0.11,0.05,0.04,5.78,1.47,0.55,0.02,0.01,0.02,0.01,0,0.01,0,0,5.78,0.07,0.55,30.69,16.56,33.18,6.23,7.56,3.15,2.63,1.3,472,0.16,9.46,0.42,40.0127,-105.4688,,,,
13MB085,4/24/2013,114,M3,25,24.27,0.5,0.27,0.48,0.1,0.11,0.12,0.04,0,2.64,1.52,0.94,0.02,0.01,0.02,0,0,0.01,0,0,2.64,0.06,0.94,32.69,17.74,31.75,7.09,8.1,2.47,0.17,1.3,472,0.14,17.64,0.43,40.0127,-105.4688,,,,
13MB013,4/29/2013,119,M3,25,27.93,0.52,0.28,0.52,0.05,0.1,0.13,0.05,0,2.96,1.59,1,0.02,0.01,0.02,0,0,0,0,0,2.96,0.06,1,32.43,17.78,32.56,6.21,8.06,2.96,0,1.31,472,0.15,27.17,0.4,40.0127,-105.4688,,,,
13MB074,5/5/2013,125,M3,25,21.91,0.47,0.26,0.48,0.11,0.1,0.13,0.05,0,3.36,1.49,1,0.02,0.01,0.02,0,0,0.01,0,0,3.36,0.07,1,31.25,17.45,32.24,6.74,8.96,3.36,0,1.3,474,0.14,14.83,0.42,40.0127,-105.4688,,,,
13MB029,5/7/2013,127,M3,25,28.84,0.51,0.28,0.48,0.09,0.11,0.13,0.05,0,3.17,1.56,1,0.02,0.01,0.02,0,0,0,0,0,3.17,0.05,1,32.72,17.95,30.83,6.83,8.5,3.17,0,1.31,468,0.15,17.08,0.42,40.0127,-105.4688,,,,
13MB065,5/8/2013,128,M3,25,28.18,0.5,0.27,0.47,0.12,0.1,0.12,0.05,0,3.16,1.51,0.95,0.02,0.01,0.02,0,0,0,0,0,3.16,0.05,0.95,33.01,17.94,31.19,6.49,8.21,3,0.15,1.31,474,0.13,15,0.41,40.0127,-105.4688,,,,
13MB047,5/9/2013,129,M3,25,36.26,0.43,0.26,0.5,0.11,0.09,0.16,0.06,0,4.13,1.51,0.92,0.01,0.01,0.01,0,0,0,0,0,4.13,0.04,0.92,28.53,17.19,33.4,6.14,10.61,3.8,0.33,1.36,470,0.17,13.79,0.43,40.0127,-105.4688,,,,
13MB158,5/12/2013,132,M3,25,32.51,0.45,0.24,0.49,0.11,0.08,0.14,0.05,0,3.83,1.46,0.92,0.01,0.01,0.01,0,0,0,0,0,3.83,0.04,0.92,30.84,16.57,33.28,5.61,9.87,3.52,0.31,1.3,472,0.13,13.11,0.42,40.0127,-105.4688,,,,
13MB171,5/16/2013,136,M3,25,21.7,0.47,0.24,0.51,0.09,0.07,0.13,0.05,0,3.78,1.47,0.95,0.02,0.01,0.02,0,0,0.01,0,0,3.78,0.07,0.95,31.84,16.13,34.32,4.88,9.05,3.61,0.17,1.29,472,0.15,15.17,0.4,40.0127,-105.4688,,,,
13MB177,5/19/2013,139,M3,25,26.19,0.44,0.23,0.51,0.09,0.07,0.14,0.06,0,4.03,1.44,1,0.02,0.01,0.02,0,0,0.01,0,0,4.03,0.06,1,30.8,15.66,35.34,4.55,9.61,4.03,0,1.27,476,0.17,14.51,0.4,40.0127,-105.4688,,,,
13MB167,3/27/2013,86,M3_snow,NA,0.55,0.1,0.19,0.03,0.74,0,0.19,0.59,0.26,62.53,1.35,0.7,0.18,0.35,0.06,1.33,0,0.33,1.06,0.46,62.53,2.44,0.7,7.24,14.16,2.35,0,13.72,43.66,18.87,1.55,454,0.02,0.81,0.55,40.0127,-105.4688,,,,
13MB108,4/12/2013,102,M3_snow,NA,0.55,0.1,0.12,0.49,0.45,0,0.15,0.31,0.02,27.98,1.19,0.94,0.18,0.23,0.9,0.82,0,0.27,0.57,0.04,27.98,2.18,0.94,8.11,10.35,41.11,0,12.45,26.31,1.68,1.36,466,0.02,1.37,0.47,40.0127,-105.4688,,,,
13MB132,4/20/2013,110,M3_snow,NA,1.44,0.07,0.04,0.13,0.64,0.01,0.47,0.39,0.04,36.86,1.14,0.92,0.05,0.03,0.09,0.45,0.01,0.33,0.27,0.02,36.86,0.8,0.92,6.56,3.32,11.68,0.63,40.95,33.77,3.08,1.25,468,0.04,1.52,0.65,40.0127,-105.4688,,,,
13MB083,4/24/2013,114,M3_snow,NA,1.14,0.23,0.17,0.46,0.36,0.16,0.23,0.24,0.21,26.64,1.71,0.53,0.2,0.15,0.4,0.31,0.14,0.21,0.21,0.19,26.64,1.5,0.53,13.51,10.02,26.69,9.42,13.73,14.21,12.43,1.37,460,0.03,2.45,0.78,40.0127,-105.4688,,,,
13MB007,4/29/2013,119,M3W,107,32.81,0.13,0.1,0.02,0.97,0.08,0.02,0.2,0.05,42.19,0.59,0.8,0,0,0,0.03,0,0,0.01,0,42.19,0.02,0.8,21.6,16.72,3.4,12.95,3.15,33.63,8.56,1.22,382,0.18,1.08,0.79,40.0127,-105.4688,,,,
13MB019,4/30/2013,120,M3W,107,8.8,0.18,0.13,0.1,0.92,0.09,0.04,0.19,0.02,28.76,0.75,0.89,0.02,0.02,0.01,0.1,0.01,0,0.02,0,28.76,0.09,0.89,24.16,17.88,12.63,11.87,4.71,25.61,3.14,1.29,382,0.2,1.43,0.69,40.0127,-105.4688,,,,
13MB026,5/3/2013,123,M3W,107,9.34,0.22,0.15,0.24,0.69,0.09,0.06,0.14,0.03,18.23,0.93,0.82,0.02,0.02,0.03,0.07,0.01,0.01,0.02,0,18.23,0.1,0.82,23.4,16.13,26.24,9.67,6.32,15.04,3.19,1.37,464,0.35,2.23,0.64,40.0127,-105.4688,,,,
13MB067,5/4/2013,124,M3W,107,6.96,0.2,0.13,0.13,0.71,0.07,0.18,0.14,0,16.41,0.86,1,0.03,0.02,0.02,0.1,0.01,0.03,0.02,0,16.41,0.12,1,23.37,14.66,15.46,8.75,21.35,16.41,0,1.35,466,0.14,2.11,0.62,40.0127,-105.4688,,,,
13MB068,5/5/2013,125,M3W,107,8.29,0.25,0.18,0.15,0.78,0.12,0.05,0.16,0.02,19.61,0.92,0.87,0.03,0.02,0.02,0.09,0.01,0.01,0.02,0,19.61,0.11,0.87,26.93,19.04,16.33,13.15,4.94,16.99,2.62,1.35,466,0.16,1.94,0.66,40.0127,-105.4688,,,,
13MB042,5/6/2013,126,M3W,107,7.94,0.29,0.2,0.25,0.6,0.15,0.04,0.12,0.03,13.66,1.08,0.81,0.04,0.03,0.03,0.08,0.02,0.01,0.01,0,13.66,0.14,0.81,26.97,18.61,23.18,13.63,3.94,11.07,2.59,1.4,464,0.15,2.71,0.63,40.0127,-105.4688,,,,
13MB032,5/7/2013,127,M3W,107,8.38,0.28,0.19,0.26,0.59,0.14,0.05,0.13,0.03,14.76,1.08,0.82,0.03,0.02,0.03,0.07,0.02,0.01,0.02,0,14.76,0.13,0.82,25.94,17.97,24.17,12.79,4.37,12.06,2.7,1.39,466,0.16,2.65,0.63,40.0127,-105.4688,,,,
13MB062,5/8/2013,128,M3W,107,7.72,0.29,0.19,0.26,0.58,0.13,0.06,0.12,0.02,13.41,1.07,0.83,0.04,0.02,0.03,0.08,0.02,0.01,0.02,0,13.41,0.14,0.83,26.74,17.81,24.32,11.78,5.93,11.17,2.24,1.37,466,0.16,2.79,0.62,40.0127,-105.4688,,,,
13MB052,5/9/2013,129,M3W,107,9.99,0.29,0.19,0.29,0.52,0.12,0.07,0.16,0.04,16.64,1.14,0.82,0.03,0.02,0.03,0.05,0.01,0.01,0.02,0,16.64,0.11,0.82,24.96,16.82,25.25,10.43,5.9,13.58,3.06,1.38,466,0.15,2.82,0.6,40.0127,-105.4688,,,,
13MB061,5/10/2013,130,M3W,107,12.77,0.32,0.21,0.31,0.49,0.13,0.08,0.11,0.04,12.54,1.2,0.75,0.02,0.02,0.02,0.04,0.01,0.01,0.01,0,12.54,0.09,0.75,26.63,17.65,26.17,10.6,6.43,9.36,3.18,1.36,464,0.16,3.33,0.57,40.0127,-105.4688,,,,
13MB156,5/12/2013,132,M3W,107,9.9,0.33,0.2,0.34,0.45,0.11,0.11,0.13,0.04,12.87,1.25,0.78,0.03,0.02,0.03,0.05,0.01,0.01,0.01,0,12.87,0.13,0.78,25.96,16.22,27,9.08,8.87,9.99,2.88,1.35,464,0.15,3.43,0.57,40.0127,-105.4688,,,,
13MB170,5/16/2013,136,M3W,107,9.47,0.34,0.21,0.36,0.4,0.12,0.1,0.1,0.03,10.59,1.27,0.77,0.04,0.02,0.04,0.04,0.01,0.01,0.01,0,10.59,0.13,0.77,26.51,16.73,28.57,9.52,8.08,8.12,2.47,1.37,468,0.14,4.02,0.57,40.0127,-105.4688,,,,
13MB174,5/19/2013,139,M3W,107,8.58,0.31,0.2,0.33,0.49,0.12,0.07,0.12,0.04,13.32,1.18,0.77,0.04,0.02,0.04,0.06,0.01,0.01,0.01,0,13.32,0.14,0.77,26.14,16.68,27.81,10.38,5.67,10.22,3.11,1.36,466,0.16,3.15,0.59,40.0127,-105.4688,,,,
13MB006,3/30/2013,89,M4,25,77.92,0.42,0.29,0.5,0.14,0.16,0.13,0.12,0.04,9.71,1.66,0.77,0.01,0,0.01,0,0,0,0,0,9.71,0.02,0.77,25.34,17.59,29.84,9.79,7.74,7.48,2.22,1.42,466,0.2,7.65,0.52,40.0124,-105.4691,,,,
13MB008,3/31/2013,90,M4,10,1.09,0,0.04,0.01,0.46,0.1,0.02,0.16,0.25,71.31,0.57,0.39,0,0.04,0.01,0.42,0.09,0.01,0.15,0.23,71.31,0.52,0.39,0,7.43,1.36,17.28,2.62,27.91,43.4,1.81,430,0.01,0.73,1.33,40.0124,-105.4691,,,,
13MB126,4/4/2013,94,M4,10,44.57,0.44,0.3,0.52,0.09,0.2,0.06,0.06,0.09,8.9,1.68,0.38,0.01,0.01,0.01,0,0,0,0,0,8.9,0.04,0.38,25.99,18.13,31.19,11.93,3.86,3.34,5.56,1.45,464,0.16,8.03,0.53,40.0124,-105.4691,,,,
13MB127,4/4/2013,94,M4,25,44.01,0.41,0.29,0.53,0.1,0.18,0.08,0.05,0.09,8.67,1.64,0.38,0.01,0.01,0.01,0,0,0,0,0,8.67,0.04,0.38,25.13,17.52,32.59,11.04,5.06,3.26,5.4,1.46,464,0.15,8.16,0.52,40.0124,-105.4691,,,,
13MB116,4/6/2013,96,M4,10,40.95,0.38,0.25,0.51,0.13,0.13,0.13,0.07,0.02,5.68,1.47,0.81,0.01,0.01,0.01,0,0,0,0,0,5.68,0.04,0.81,25.62,16.71,34.75,8.57,8.66,4.63,1.05,1.41,464,0.18,10.04,0.49,40.0124,-105.4691,,,,
13MB121,4/6/2013,96,M4,25,39.6,0.4,0.25,0.52,0.12,0.12,0.12,0.05,0.03,5.2,1.48,0.61,0.01,0.01,0.01,0,0,0,0,0,5.2,0.04,0.61,26.76,16.85,35.03,8.04,8.13,3.19,2,1.39,466,0.14,11.29,0.48,40.0124,-105.4691,,,,
13MB099,4/10/2013,100,M4,25,41.43,0.39,0.24,0.53,0.08,0.1,0.13,0.05,0,3.44,1.44,1,0.01,0.01,0.01,0,0,0,0,0,3.44,0.03,1,27.28,16.73,37.03,6.64,8.87,3.44,0,1.35,468,0.15,14.92,0.44,40.0124,-105.4691,,,,
13MB103,4/11/2013,101,M4,25,17.22,0.38,0.24,0.48,0.16,0.11,0.11,0.11,0.06,11.11,1.48,0.67,0.02,0.01,0.03,0.01,0.01,0.01,0.01,0,11.11,0.09,0.67,25.41,16.24,32.73,7.29,7.22,7.39,3.72,1.37,468,0.14,6.99,0.48,40.0124,-105.4691,,,,
13MB113,4/12/2013,102,M4,10,16.33,0.32,0.2,0.45,0.17,0.08,0.26,0.09,0,6.24,1.4,1,0.02,0.01,0.03,0.01,0,0.02,0.01,0,6.24,0.09,1,23.06,14.57,31.9,5.55,18.69,6.24,0,1.39,468,0.15,7.76,0.51,40.0124,-105.4691,,,,
13MB095,4/12/2013,102,M4,25,21.62,0.4,0.24,0.53,0.11,0.1,0.13,0.07,0,5.06,1.47,0.94,0.02,0.01,0.02,0.01,0,0.01,0,0,5.06,0.07,0.94,26.85,16.44,35.76,6.78,9.12,4.76,0.29,1.34,464,0.14,11.15,0.44,40.0124,-105.4691,,,,
13MB136,4/20/2013,110,M4,10,28.3,0.41,0.25,0.53,0.09,0.11,0.12,0.04,0.02,3.84,1.49,0.65,0.01,0.01,0.02,0,0,0,0,0,3.84,0.05,0.65,27.78,16.99,35.55,7.51,8.32,2.52,1.33,1.37,472,0.15,12.99,0.45,40.0124,-105.4691,,,,
13MB137,4/20/2013,110,M4,25,44.18,0.43,0.27,0.51,0.1,0.13,0.1,0.05,0.04,6.37,1.54,0.55,0.01,0.01,0.01,0,0,0,0,0,6.37,0.03,0.55,27.99,17.6,33.19,8.13,6.73,3.51,2.85,1.37,466,0.15,9.05,0.46,40.0124,-105.4691,,,,
13MB144,4/22/2013,112,M4,10,29.59,0.42,0.26,0.51,0.1,0.12,0.11,0.03,0.04,4.6,1.5,0.41,0.01,0.01,0.02,0,0,0,0,0,4.6,0.05,0.41,28.22,17.6,34.24,8.1,7.24,1.86,2.73,1.38,468,0.15,10.09,0.46,40.0124,-105.4691,,,,
13MB145,4/22/2013,112,M4,25,2.45,0.26,0.21,0.42,0.41,0.1,0.13,0.23,0.24,29.23,1.59,0.49,0.11,0.09,0.17,0.17,0.04,0.05,0.09,0.1,29.23,0.65,0.49,16.55,13.41,26.36,6.38,8.07,14.39,14.84,1.38,468,0.06,2.39,0.58,40.0124,-105.4691,,,,
13MB080,4/24/2013,114,M4,10,31.9,0.43,0.27,0.49,0.11,0.12,0.12,0.04,0.01,3.55,1.49,0.82,0.01,0.01,0.02,0,0,0,0,0,3.55,0.05,0.82,29.09,18.09,32.98,8.25,8.05,2.9,0.65,1.37,468,0.13,14.55,0.45,40.0124,-105.4691,,,,
13MB084,4/24/2013,114,M4,25,23.19,0.44,0.28,0.49,0.13,0.13,0.12,0.08,0,5.15,1.53,0.98,0.02,0.01,0.02,0.01,0.01,0.01,0,0,5.15,0.07,0.98,28.47,18.01,32.22,8.35,7.79,5.05,0.09,1.36,472,0.14,11.44,0.45,40.0124,-105.4691,,,,
13MB090,4/28/2013,118,M4,10,33.59,0.41,0.25,0.53,0.09,0.11,0.13,0.05,0,3.4,1.47,1,0.01,0.01,0.02,0,0,0,0,0,3.4,0.04,1,28.03,16.75,35.9,7.23,8.68,3.4,0,1.36,468,0.13,16.5,0.44,40.0124,-105.4691,,,,
13MB091,4/28/2013,118,M4,25,47.72,0.41,0.25,0.53,0.1,0.12,0.12,0.06,0.01,4.7,1.5,0.87,0.01,0.01,0.01,0,0,0,0,0,4.7,0.03,0.87,27.17,16.55,35.51,8.28,7.78,4.09,0.62,1.36,468,0.17,13.75,0.47,40.0124,-105.4691,,,,
13MB011,4/29/2013,119,M4,10,36.67,0.45,0.3,0.53,0.07,0.15,0.11,0.06,0.02,4.89,1.62,0.78,0.01,0.01,0.01,0,0,0,0,0,4.89,0.04,0.78,27.89,18.26,32.87,9.21,6.89,3.8,1.09,1.42,464,0.14,14.68,0.47,40.0124,-105.4691,,,,
13MB020,4/30/2013,120,M4,10,35.54,0.39,0.24,0.33,0.35,0.15,0.15,0.07,0.14,13.84,1.47,0.32,0.01,0.01,0.01,0.01,0,0,0,0,13.84,0.04,0.32,26.51,16.59,22.18,10.46,10.43,4.44,9.4,1.41,466,0.13,5.64,0.59,40.0124,-105.4691,,,,
13MB017,4/30/2013,120,M4,25,51.87,0.46,0.29,0.52,0.09,0.14,0.11,0.06,0.02,5.08,1.59,0.75,0.01,0.01,0.01,0,0,0,0,0,5.08,0.03,0.75,28.84,18.02,32.41,8.91,6.74,3.83,1.25,1.39,472,0.17,13.34,0.46,40.0124,-105.4691,,,,
13MB025,5/3/2013,123,M4,10,33.05,0.47,0.3,0.52,0.09,0.15,0.11,0.04,0.02,4,1.62,0.64,0.01,0.01,0.02,0,0,0,0,0,4,0.05,0.64,29.16,18.57,32.19,9.5,6.58,2.57,1.43,1.41,468,0.12,14.57,0.47,40.0124,-105.4691,,,,
13MB024,5/3/2013,123,M4,25,49.87,0.46,0.29,0.49,0.1,0.15,0.1,0.05,0.01,4.34,1.57,0.79,0.01,0.01,0.01,0,0,0,0,0,4.34,0.03,0.79,29.53,18.6,31.5,9.44,6.6,3.42,0.91,1.39,468,0.15,13.67,0.47,40.0124,-105.4691,,,,
13MB071,5/4/2013,124,M4,10,31.41,0.45,0.28,0.49,0.12,0.13,0.12,0.04,0.01,3.25,1.52,0.73,0.01,0.01,0.02,0,0,0,0,0,3.25,0.05,0.73,29.33,18.39,32.37,8.8,7.86,2.36,0.89,1.39,468,0.13,14.43,0.46,40.0124,-105.4691,,,,
13MB082,5/5/2013,125,M4,10,31.43,0.44,0.27,0.51,0.11,0.11,0.13,0.05,0,3,1.52,1,0.01,0.01,0.02,0,0,0,0,0,3,0.05,1,28.77,17.92,33.9,7.56,8.85,3,0,1.37,468,0.12,14.42,0.44,40.0124,-105.4691,,,,
13MB035,5/7/2013,127,M4,10,30.99,0.46,0.29,0.5,0.1,0.15,0.09,0.04,0.01,3.47,1.54,0.72,0.01,0.01,0.02,0,0,0,0,0,3.47,0.05,0.72,29.65,18.83,32.19,9.88,5.97,2.52,0.96,1.4,466,0.17,14.79,0.46,40.0124,-105.4691,,,,
13MB037,5/7/2013,127,M4,25,44.45,0.41,0.26,0.48,0.15,0.12,0.13,0.1,0.01,7.23,1.51,0.92,0.01,0.01,0.01,0,0,0,0,0,7.23,0.03,0.92,27.38,17.37,31.62,7.86,8.54,6.62,0.61,1.38,464,0.16,9.44,0.46,40.0124,-105.4691,,,,
13MB053,5/9/2013,129,M4,10,36.56,0.42,0.27,0.49,0.14,0.13,0.13,0.08,0.05,8.03,1.57,0.6,0.01,0.01,0.01,0,0,0,0,0,8.03,0.04,0.6,26.84,17.21,31.5,8.24,8.17,4.84,3.19,1.38,466,0.13,7.36,0.48,40.0124,-105.4691,,,,
13MB048,5/9/2013,129,M4,25,49.57,0.44,0.28,0.5,0.11,0.14,0.1,0.06,0.01,4.96,1.55,0.82,0.01,0.01,0.01,0,0,0,0,0,4.96,0.03,0.82,28.58,18.34,32.22,9.33,6.56,4.04,0.92,1.4,464,0.16,11.82,0.47,40.0124,-105.4691,,,,
13MB056,5/10/2013,130,M4,10,28.69,0.42,0.26,0.51,0.12,0.12,0.13,0.06,0.05,7.13,1.55,0.54,0.01,0.01,0.02,0,0,0,0,0,7.13,0.05,0.54,26.85,17.06,32.87,7.97,8.12,3.85,3.28,1.4,468,0.17,8.37,0.47,40.0124,-105.4691,,,,
13MB058,5/10/2013,130,M4,25,49.05,0.46,0.29,0.51,0.09,0.14,0.11,0.07,0.02,5.81,1.61,0.76,0.01,0.01,0.01,0,0,0,0,0,5.81,0.03,0.76,28.65,18.09,31.74,8.93,6.78,4.42,1.39,1.41,470,0.17,12.5,0.47,40.0124,-105.4691,,,,
13MB159,5/12/2013,132,M4,10,24.82,0.34,0.21,0.54,0.14,0.08,0.15,0.1,0.02,8.44,1.44,0.84,0.01,0.01,0.02,0.01,0,0.01,0,0,8.44,0.06,0.84,23.79,14.34,37.67,5.45,10.32,7.05,1.39,1.33,472,0.86,8.21,0.47,40.0124,-105.4691,,,,
13MB168,3/27/2013,86,M4-snow,NA,0.39,0.07,0.15,0.07,0.7,0.01,0.13,0.68,0.26,68.73,1.38,0.72,0.17,0.37,0.19,1.77,0.04,0.33,1.73,0.67,68.73,3.49,0.72,4.77,10.59,5.36,1.01,9.54,49.6,19.13,1.52,460,0.02,0.75,0.56,40.0124,-105.4691,,,,
13MB112,4/12/2013,102,M4-snow,NA,0.8,0.13,0.14,0.31,0.72,0.03,0.17,0.48,0.22,47.26,1.47,0.69,0.16,0.17,0.38,0.9,0.04,0.21,0.6,0.27,47.26,1.84,0.69,8.72,9.45,20.81,2.2,11.56,32.5,14.76,1.31,468,0.03,0.96,0.66,40.0124,-105.4691,,,,
13MB088,4/24/2013,114,M4-snow,NA,0.99,0.2,0.15,0.38,0.47,0.08,0.19,0.27,0.13,28.22,1.41,0.68,0.2,0.15,0.39,0.47,0.09,0.2,0.27,0.13,28.22,1.43,0.68,14.05,10.77,27.19,5.98,13.8,19.24,8.97,1.36,474,0.02,2.21,0.66,40.0124,-105.4691,,,,
13MB005,3/29/2013,88,M5,10,76.11,0.32,0.22,0.52,0.16,0.07,0.21,0.13,0.05,11.39,1.52,0.73,0,0,0.01,0,0,0,0,0,11.39,0.02,0.73,20.91,14.8,34.41,4.87,13.63,8.33,3.06,1.39,464,0.2,6.42,0.49,40.0121,-105.4696,,,,
13MB001,3/31/2013,90,M5,10,69.87,0.39,0.26,0.52,0.11,0.09,0.17,0.07,0.03,6.47,1.52,0.73,0.01,0,0.01,0,0,0,0,0,6.47,0.02,0.73,25.58,16.78,34.11,5.77,11.29,4.69,1.78,1.4,464,0.14,10.17,0.45,40.0121,-105.4696,,,,
13MB128,4/4/2013,94,M5,10,38.99,0.39,0.25,0.54,0.1,0.11,0.15,0.05,0.06,7.05,1.56,0.42,0.01,0.01,0.01,0,0,0,0,0,7.05,0.04,0.42,25.26,16.29,34.77,7.17,9.46,2.94,4.11,1.4,464,0.18,9.78,0.46,40.0121,-105.4696,,,,
13MB129,4/4/2013,94,M5,25,46.68,0.4,0.3,0.53,0.1,0.19,0.08,0.06,0.1,9.4,1.65,0.38,0.01,0.01,0.01,0,0,0,0,0,9.4,0.04,0.38,24.45,18.03,32.09,11.36,4.66,3.53,5.87,1.47,460,0.17,7.46,0.53,40.0121,-105.4696,,,,
13MB119,4/6/2013,96,M5,10,22.72,0.36,0.22,0.54,0.13,0.07,0.17,0.06,0.02,5.49,1.43,0.73,0.02,0.01,0.02,0.01,0,0.01,0,0,5.49,0.06,0.73,24.97,15.33,37.4,4.61,12.2,4,1.49,1.36,470,0.14,11.42,0.44,40.0121,-105.4696,,,,
13MB117,4/6/2013,96,M5,25,26.77,0.35,0.25,0.49,0.16,0.13,0.15,0.1,0.01,7.5,1.48,0.87,0.01,0.01,0.02,0.01,0,0.01,0,0,7.5,0.06,0.87,24.01,16.88,33.1,8.56,9.96,6.51,0.99,1.43,466,0.19,7.98,0.5,40.0121,-105.4696,,,,
13MB101,4/11/2013,101,M5,25,4.33,0.23,0.19,0.44,0.41,0.08,0.16,0.34,0.15,30.85,1.6,0.69,0.05,0.04,0.1,0.09,0.02,0.04,0.08,0.03,30.85,0.37,0.69,14.66,12.21,27.59,4.77,9.93,21.44,9.41,1.37,464,0.06,2.03,0.57,40.0121,-105.4696,,,,
13MB138,4/20/2013,110,M5,25,33.58,0.4,0.26,0.51,0.12,0.12,0.12,0.06,0.06,8.05,1.54,0.5,0.01,0.01,0.02,0,0,0,0,0,8.05,0.05,0.5,25.83,17.2,33.19,8.06,7.66,4,4.05,1.41,468,0.18,7.21,0.48,40.0121,-105.4696,,,,
13MB146,4/22/2013,112,M5,10,31.21,0.37,0.22,0.53,0.12,0.07,0.17,0.04,0.03,4.88,1.44,0.56,0.01,0.01,0.02,0,0,0.01,0,0,4.88,0.05,0.56,25.91,15.57,36.68,5.02,11.94,2.72,2.17,1.35,474,0.13,10.72,0.45,40.0121,-105.4696,,,,
13MB147,4/22/2013,112,M5,25,7.09,0.36,0.24,0.42,0.26,0.12,0.12,0.18,0.15,20.89,1.6,0.54,0.05,0.03,0.06,0.04,0.02,0.02,0.03,0.02,20.89,0.23,0.54,22.65,15.04,26.36,7.74,7.32,11.3,9.59,1.38,466,0.14,3.79,0.54,40.0121,-105.4696,,,,
13MB086,4/24/2013,114,M5,25,4.96,0.36,0.25,0.45,0.25,0.11,0.13,0.16,0.05,13.65,1.5,0.78,0.07,0.05,0.09,0.05,0.02,0.03,0.03,0.01,13.65,0.3,0.78,23.79,16.76,30,7.09,8.71,10.63,3.02,1.38,468,0.09,4.51,0.49,40.0121,-105.4696,,,,
13MB092,4/28/2013,118,M5,10,28.91,0.38,0.22,0.55,0.1,0.08,0.16,0.05,0.01,4.16,1.45,0.82,0.01,0.01,0.02,0,0,0.01,0,0,4.16,0.05,0.82,25.9,15.49,37.85,5.75,10.85,3.43,0.73,1.35,468,0.17,14.28,0.45,40.0121,-105.4696,,,,
13MB094,4/28/2013,118,M5,25,28.57,0.39,0.25,0.52,0.12,0.11,0.13,0.06,0.02,5.61,1.48,0.75,0.01,0.01,0.02,0,0,0,0,0,5.61,0.05,0.75,26.02,16.82,35.46,7.62,8.46,4.2,1.41,1.41,468,0.16,11.3,0.47,40.0121,-105.4696,,,,
13MB012,4/29/2013,119,M5,10,20.44,0.44,0.27,0.55,0.07,0.1,0.17,0.05,0.01,3.47,1.59,0.87,0.02,0.01,0.03,0,0,0.01,0,0,3.47,0.08,0.87,27.67,17.24,34.63,6.4,10.59,3.02,0.45,1.38,464,0.16,20.12,0.44,40.0121,-105.4696,,,,
13MB014,4/29/2013,119,M5,25,16.94,0.43,0.29,0.52,0.09,0.13,0.13,0.09,0.02,6.49,1.61,0.83,0.03,0.02,0.03,0.01,0.01,0.01,0.01,0,6.49,0.09,0.83,26.72,18.05,32.61,8.02,8.11,5.39,1.1,1.44,466,0.15,12.51,0.46,40.0121,-105.4696,,,,
13MB021,4/30/2013,120,M5,25,21.1,0.44,0.29,0.48,0.14,0.14,0.12,0.06,0.03,5.71,1.56,0.71,0.02,0.01,0.02,0.01,0.01,0.01,0,0,5.71,0.07,0.71,28.1,18.8,30.76,8.75,7.88,4.04,1.67,1.43,464,0.12,11.73,0.48,40.0121,-105.4696,,,,
13MB027,5/3/2013,123,M5,10,31.48,0.41,0.24,0.52,0.11,0.07,0.19,0.05,0.01,3.66,1.49,0.89,0.01,0.01,0.02,0,0,0.01,0,0,3.66,0.05,0.89,27.37,16.15,34.86,5.02,12.95,3.25,0.41,1.34,468,0.15,13.93,0.44,40.0121,-105.4696,,,,
13MB069,5/4/2013,124,M5,10,42.05,0.42,0.24,0.47,0.12,0.08,0.21,0.04,0,2.69,1.46,1,0.01,0.01,0.01,0,0,0.01,0,0,2.69,0.03,1,28.64,16.55,32.2,5.47,14.44,2.69,0,1.36,468,0.2,14.35,0.46,40.0121,-105.4696,,,,
13MB076,5/4/2013,124,M5,25,28.95,0.43,0.28,0.5,0.12,0.12,0.13,0.06,0.02,4.79,1.53,0.77,0.01,0.01,0.02,0,0,0,0,0,4.79,0.05,0.77,28.32,18.21,32.49,7.89,8.31,3.69,1.1,1.38,468,0.17,11.81,0.45,40.0121,-105.4696,,,,
13MB041,5/5/2013,125,M5,10,41.9,0.44,0.27,0.5,0.12,0.1,0.15,0.04,0.01,3.15,1.51,0.88,0.01,0.01,0.01,0,0,0,0,0,3.15,0.04,0.88,29.31,17.65,33.19,6.54,10.16,2.76,0.39,1.35,472,0.2,14.94,0.43,40.0121,-105.4696,,,,
13MB040,5/6/2013,126,M5,10,38.68,0.44,0.26,0.5,0.11,0.1,0.15,0.04,0.01,3.07,1.5,0.89,0.01,0.01,0.01,0,0,0,0,0,3.07,0.04,0.89,29.17,17.44,33.53,6.49,10.3,2.72,0.35,1.35,468,0.19,15.59,0.43,40.0121,-105.4696,,,,
13MB030,5/7/2013,127,M5,10,43.42,0.45,0.28,0.52,0.11,0.1,0.18,0.06,0,3.61,1.58,1,0.01,0.01,0.01,0,0,0,0,0,3.61,0.04,1,28.64,17.49,32.69,6.08,11.49,3.61,0,1.36,472,0.16,15.45,0.43,40.0121,-105.4696,,,,
13MB049,5/9/2013,129,M5,25,27.7,0.4,0.27,0.5,0.14,0.12,0.14,0.09,0.02,7.55,1.55,0.8,0.01,0.01,0.02,0,0,0.01,0,0,7.55,0.06,0.8,26.14,17.72,31.97,7.48,9.14,6.03,1.52,1.4,466,0.15,8.97,0.46,40.0121,-105.4696,,,,
13MB152,5/10/2013,130,M5,10,36.32,0.37,0.22,0.53,0.12,0.06,0.17,0.05,0.02,5.1,1.42,0.74,0.01,0.01,0.01,0,0,0,0,0,5.1,0.04,0.74,25.85,15.33,37.4,4.17,12.14,3.77,1.33,1.32,472,0.16,10.23,0.43,40.0121,-105.4696,,,,
13MB153,5/10/2013,130,M5,25,31.45,0.37,0.23,0.5,0.14,0.08,0.19,0.08,0.01,6.35,1.47,0.87,0.01,0.01,0.02,0,0,0.01,0,0,6.35,0.05,0.87,25.34,15.89,34.07,5.54,12.82,5.53,0.82,1.37,472,0.17,9.33,0.46,40.0121,-105.4696,,,,
13MB160,5/12/2013,132,M5,10,31.86,0.38,0.23,0.52,0.13,0.07,0.17,0.09,0.01,7.06,1.47,0.89,0.01,0.01,0.02,0,0,0.01,0,0,7.06,0.05,0.89,25.67,15.62,35.09,4.83,11.74,6.29,0.76,1.33,472,0.13,10.3,0.44,40.0121,-105.4696,,,,
13MB161,5/12/2013,132,M5,25,26.95,0.38,0.24,0.52,0.13,0.09,0.15,0.07,0.02,5.98,1.46,0.8,0.01,0.01,0.02,0,0,0.01,0,0,5.98,0.05,0.8,26.09,16.54,35.44,6,9.97,4.79,1.19,1.38,470,0.14,9.94,0.44,40.0121,-105.4696,,,,
13MB169,3/27/2013,86,M5-snow,NA,1.1,0.07,0.19,0,0.42,0.23,0,0.52,0.33,63.9,1.33,0.61,0.06,0.17,0,0.38,0.21,0,0.48,0.3,63.9,1.21,0.61,5.01,14.08,0,17.01,0,39.29,24.61,2.01,430,0.02,0.69,1.06,40.0121,-105.4696,,,,
13MB134,4/20/2013,110,M5-snow,NA,1.69,0.17,0.15,0.34,0.57,0.04,0.16,0.36,0.12,35.46,1.35,0.75,0.1,0.09,0.2,0.34,0.02,0.1,0.21,0.07,35.46,0.8,0.75,12.79,11.44,25.28,3.08,11.95,26.48,8.99,1.29,466,0.05,1.67,0.59,40.0121,-105.4696,,,,
13MB089,4/24/2013,114,M5-snow,NA,1.78,0.23,0.2,0.36,0.45,0.13,0.19,0.4,0.21,35.53,1.73,0.66,0.13,0.11,0.2,0.25,0.08,0.11,0.23,0.12,35.53,0.97,0.66,13.55,11.36,20.79,7.79,10.99,23.32,12.21,1.3,458,0.03,2.1,0.69,40.0121,-105.4696,,,,
13MB010,4/29/2013,119,M5W,88,72.01,0.33,0.22,0.41,0.31,0.1,0.13,0.09,0,6.75,1.27,1,0,0,0.01,0,0,0,0,0,6.75,0.02,1,26.14,17.39,31.99,7.7,10.03,6.75,0,1.37,466,0.17,5.83,0.48,40.0121,-105.4696,,,,
13MB018,4/30/2013,120,M5W,88,76.65,0.35,0.23,0.41,0.31,0.1,0.13,0.08,0.02,7.5,1.31,0.84,0,0,0.01,0,0,0,0,0,7.5,0.02,0.84,26.32,17.2,31.22,7.87,9.9,6.3,1.19,1.37,466,0.17,5.58,0.49,40.0121,-105.4696,,,,
13MB077,5/4/2013,124,M5W,88,60.35,0.36,0.23,0.45,0.24,0.1,0.14,0.07,0.01,6.59,1.36,0.84,0.01,0,0.01,0,0,0,0,0,6.59,0.02,0.84,26.1,17.04,32.93,7.07,10.27,5.51,1.08,1.4,468,0.13,6.9,0.47,40.0121,-105.4696,,,,
13MB164,5/6/2013,126,M5W,88,56.78,0.32,0.21,0.46,0.25,0.09,0.16,0.08,0.04,8.56,1.35,0.7,0.01,0,0.01,0,0,0,0,0,8.56,0.02,0.7,23.64,15.75,33.97,6.56,11.53,5.96,2.6,1.4,466,0.12,5.41,0.51,40.0121,-105.4696,,,,
13MB033,5/7/2013,127,M5W,88,53.29,0.3,0.2,0.37,0.38,0.09,0.12,0.09,0.01,8.11,1.17,0.89,0.01,0,0.01,0.01,0,0,0,0,8.11,0.02,0.89,25.77,16.8,31.64,7.6,10.09,7.25,0.85,1.37,470,0.21,4.69,0.49,40.0121,-105.4696,,,,
13MB046,5/9/2013,129,M5W,88,46.6,0.35,0.22,0.44,0.24,0.08,0.15,0.08,0,6,1.33,0.96,0.01,0,0.01,0.01,0,0,0,0,6,0.03,0.96,26.53,16.81,33.11,6.23,11.32,5.78,0.23,1.35,468,0.12,6.94,0.46,40.0121,-105.4696,,,,
13MB060,5/10/2013,130,M5W,88,65.52,0.3,0.2,0.4,0.34,0.09,0.12,0.09,0.01,8.22,1.22,0.92,0,0,0.01,0.01,0,0,0,0,8.22,0.02,0.92,24.94,16.57,32.85,7.29,10.12,7.52,0.69,1.36,468,0.14,4.96,0.49,40.0121,-105.4696,,,,
13MB002,3/31/2013,90,Stream,NA,4.13,0.24,0.16,0.14,0.81,0.11,0.03,0.16,0.03,21.77,0.87,0.83,0.06,0.04,0.03,0.2,0.03,0.01,0.04,0.01,21.77,0.21,0.83,27.46,18.48,15.53,13.21,3.56,18.12,3.65,1.32,472,0.16,1.8,0.68,40.0128,-105.47,,,,
13MB003,3/31/2013,90,Stream,NA,4.16,0.25,0.17,0.14,0.82,0.11,0.03,0.17,0.04,22.41,0.91,0.82,0.06,0.04,0.03,0.2,0.03,0.01,0.04,0.01,22.41,0.22,0.82,27.42,18.94,15.48,12.45,3.31,18.35,4.05,1.32,464,0.18,1.81,0.66,40.0128,-105.47,,,,
13MB130,4/4/2013,94,Stream,NA,4.02,0.29,0.18,0.22,0.67,0.11,0.05,0.17,0.06,20.9,1.08,0.76,0.07,0.05,0.06,0.17,0.03,0.01,0.04,0.01,20.9,0.27,0.76,26.65,16.98,20.55,10.31,4.61,15.81,5.09,1.32,466,0.16,2.08,0.62,40.0128,-105.47,,,,
13MB131,4/4/2013,94,Stream,NA,4.01,0.28,0.18,0.2,0.71,0.11,0.05,0.18,0.1,25.56,1.1,0.63,0.07,0.04,0.05,0.18,0.03,0.01,0.04,0.03,25.56,0.27,0.63,25.31,16.26,17.94,10.32,4.61,16.2,9.36,1.31,468,0.16,1.94,0.67,40.0128,-105.47,,,,
13MB118,4/6/2013,96,Stream,NA,4.45,0.29,0.18,0.24,0.62,0.11,0.05,0.17,0.05,19.76,1.08,0.78,0.06,0.04,0.05,0.14,0.02,0.01,0.04,0.01,19.76,0.24,0.78,26.5,16.71,22.38,10.02,4.63,15.35,4.41,1.31,466,0.15,2.19,0.62,40.0128,-105.47,,,,
13MB122,4/6/2013,96,Stream,NA,4.22,0.29,0.18,0.24,0.64,0.11,0.04,0.16,0.05,19.6,1.07,0.74,0.07,0.04,0.06,0.15,0.03,0.01,0.04,0.01,19.6,0.25,0.74,26.96,16.98,21.99,10.44,4.03,14.56,5.05,1.33,466,0.16,2.19,0.62,40.0128,-105.47,,,,
13MB097,4/10/2013,100,Stream,NA,3.88,0.27,0.18,0.21,0.7,0.11,0.03,0.18,0.05,22.91,1.04,0.77,0.07,0.05,0.06,0.18,0.03,0.01,0.05,0.01,22.91,0.27,0.77,25.94,16.83,20.52,10.47,3.33,17.75,5.16,1.31,466,0.16,1.89,0.64,40.0128,-105.47,,,,
13MB098,4/10/2013,100,Stream,NA,3.76,0.27,0.17,0.22,0.68,0.1,0.04,0.18,0.04,21.7,1.02,0.82,0.07,0.05,0.06,0.18,0.03,0.01,0.05,0.01,21.7,0.27,0.82,26.61,16.7,21.18,9.7,4.11,17.76,3.94,1.31,462,0.15,1.93,0.62,40.0128,-105.47,,,,
13MB100,4/11/2013,101,Stream,NA,4.03,0.28,0.18,0.21,0.7,0.11,0.04,0.18,0.03,20.79,1.05,0.84,0.07,0.04,0.05,0.17,0.03,0.01,0.05,0.01,20.79,0.26,0.84,26.95,17.35,20.41,10.33,4.18,17.47,3.31,1.31,468,0.15,1.99,0.62,40.0128,-105.47,,,,
13MB102,4/11/2013,101,Stream,NA,3.87,0.28,0.18,0.21,0.69,0.1,0.04,0.18,0.03,20.32,1.02,0.85,0.07,0.05,0.06,0.18,0.03,0.01,0.05,0.01,20.32,0.26,0.85,27.06,17.39,20.91,10.03,4.29,17.34,2.98,1.31,466,0.15,2,0.62,40.0128,-105.47,,,,
13MB110,4/12/2013,102,Stream,NA,3.91,0.27,0.17,0.21,0.7,0.11,0.04,0.18,0.04,21.48,1.02,0.8,0.07,0.04,0.05,0.18,0.03,0.01,0.04,0.01,21.48,0.26,0.8,26.51,17.17,20.45,10.83,3.57,17.19,4.29,1.3,468,0.15,1.89,0.63,40.0128,-105.47,,,,
13MB114,4/12/2013,102,Stream,NA,3.76,0.26,0.16,0.18,0.71,0.1,0.09,0.18,0.03,20.72,1,0.87,0.07,0.04,0.05,0.19,0.03,0.02,0.05,0.01,20.72,0.27,0.87,25.8,15.76,18.47,9.95,9.29,18.09,2.63,1.31,464,0.15,1.92,0.65,40.0128,-105.47,,,,
13MB139,4/20/2013,110,Stream,NA,3.82,0.28,0.19,0.24,0.65,0.11,0.05,0.15,0.08,21.18,1.1,0.65,0.07,0.05,0.06,0.17,0.03,0.01,0.04,0.02,21.18,0.29,0.65,25.74,17.02,21.62,10.19,4.26,13.87,7.31,1.36,464,0.15,2.1,0.63,40.0128,-105.47,,,,
13MB140,4/20/2013,110,Stream,NA,3.6,0.28,0.19,0.24,0.67,0.11,0.05,0.14,0.06,19.49,1.07,0.69,0.08,0.05,0.07,0.18,0.03,0.01,0.04,0.02,19.49,0.3,0.69,26.36,17.51,22.06,10.27,4.32,13.53,5.96,1.33,466,0.14,2.08,0.62,40.0128,-105.47,,,,
13MB148,4/22/2013,112,Stream,NA,4.61,0.29,0.19,0.25,0.62,0.11,0.05,0.15,0.06,18.75,1.08,0.72,0.06,0.04,0.05,0.13,0.02,0.01,0.03,0.01,18.75,0.23,0.72,26.7,17.1,23.02,9.91,4.52,13.43,5.32,1.33,468,0.14,2.28,0.61,40.0128,-105.47,,,,
13MB149,4/22/2013,112,Stream,NA,4.5,0.29,0.19,0.25,0.61,0.11,0.05,0.14,0.06,17.84,1.08,0.71,0.07,0.04,0.06,0.14,0.02,0.01,0.03,0.01,17.84,0.24,0.71,27.27,17.25,23.03,10,4.61,12.73,5.11,1.33,464,0.14,2.36,0.62,40.0128,-105.47,,,,
13MB073,4/24/2013,114,Stream,NA,4.55,0.29,0.19,0.22,0.69,0.12,0.05,0.13,0.04,16.15,1.04,0.75,0.06,0.04,0.05,0.15,0.03,0.01,0.03,0.01,16.15,0.23,0.75,28.1,18.48,20.92,11.58,4.78,12.09,4.06,1.34,468,0.14,2.4,0.63,40.0128,-105.47,,,,
13MB079,4/24/2013,114,Stream,NA,4.38,0.27,0.18,0.19,0.73,0.1,0.05,0.13,0.03,17.19,0.96,0.79,0.06,0.04,0.04,0.17,0.02,0.01,0.03,0.01,17.19,0.22,0.79,28.37,18.7,20.27,10.76,4.71,13.6,3.59,1.34,466,0.14,2.21,0.61,40.0128,-105.47,,,,
13MB093,4/28/2013,118,Stream,NA,7.62,0.3,0.18,0.3,0.53,0.1,0.08,0.14,0.03,15.3,1.14,0.81,0.04,0.02,0.04,0.07,0.01,0.01,0.02,0,15.3,0.15,0.81,26.58,15.85,26.52,8.95,6.81,12.35,2.94,1.29,466,0.15,2.75,0.57,40.0128,-105.47,,,,
13MB096,4/28/2013,118,Stream,NA,7.36,0.3,0.19,0.31,0.53,0.1,0.07,0.14,0.03,15.25,1.15,0.81,0.04,0.03,0.04,0.07,0.01,0.01,0.02,0,15.25,0.16,0.81,26.52,16.36,26.61,9.05,6.21,12.28,2.97,1.31,470,0.15,2.73,0.57,40.0128,-105.47,,,,
13MB015,4/29/2013,119,Stream,NA,6.84,0.27,0.18,0.24,0.65,0.1,0.05,0.14,0.01,15.36,1,0.92,0.04,0.03,0.03,0.09,0.01,0.01,0.02,0,15.36,0.15,0.92,27.42,18.15,23.79,9.84,5.44,14.2,1.15,1.32,468,0.15,2.52,0.58,40.0128,-105.47,,,,
13MB016,4/29/2013,119,Stream,NA,7.32,0.28,0.18,0.23,0.64,0.1,0.05,0.12,0.01,13.79,0.96,0.94,0.04,0.02,0.03,0.09,0.01,0.01,0.02,0,13.79,0.13,0.94,28.57,18.5,23.75,10.36,5.04,12.96,0.83,1.3,464,0.13,2.57,0.58,40.0128,-105.47,,,,
13MB022,4/30/2013,120,Stream,NA,7.62,0.25,0.15,0.18,0.67,0.08,0.16,0.15,0,15.34,0.97,1,0.03,0.02,0.02,0.09,0.01,0.02,0.02,0,15.34,0.13,1,25.52,15.74,18.98,8.03,16.38,15.34,0,1.32,466,0.14,2.43,0.6,40.0128,-105.47,,,,
13MB023,4/30/2013,120,Stream,NA,7.61,0.28,0.18,0.24,0.63,0.1,0.06,0.13,0.02,15.44,1.02,0.84,0.04,0.02,0.03,0.08,0.01,0.01,0.02,0,15.44,0.13,0.84,27.51,17.88,23.35,9.93,5.89,13.01,2.44,1.31,468,0.15,2.52,0.57,40.0128,-105.47,,,,
13MB028,5/3/2013,123,Stream,NA,6.77,0.28,0.18,0.23,0.65,0.11,0.05,0.12,0.02,14.86,1.01,0.83,0.04,0.03,0.03,0.1,0.02,0.01,0.02,0,14.86,0.15,0.83,27.91,18.16,23.01,10.7,5.35,12.39,2.47,1.32,466,0.14,2.49,0.59,40.0128,-105.47,,,,
13MB075,5/3/2013,123,Stream,NA,6.78,0.29,0.19,0.25,0.63,0.11,0.06,0.12,0.04,14.9,1.05,0.76,0.04,0.03,0.04,0.09,0.02,0.01,0.02,0.01,14.9,0.15,0.76,27.39,17.97,23.63,10.54,5.56,11.38,3.52,1.32,468,0.15,2.64,0.59,40.0128,-105.47,,,,
13MB070,5/4/2013,124,Stream,NA,6.38,0.28,0.18,0.24,0.66,0.1,0.06,0.11,0.03,13.59,1,0.79,0.04,0.03,0.04,0.1,0.02,0.01,0.02,0,13.59,0.16,0.79,27.69,18.1,24.21,10.31,6.11,10.77,2.81,1.32,464,0.16,2.61,0.59,40.0128,-105.47,,,,
13MB078,5/4/2013,124,Stream,NA,7.03,0.29,0.19,0.26,0.61,0.11,0.06,0.11,0.02,13.02,1.03,0.84,0.04,0.03,0.04,0.09,0.01,0.01,0.02,0,13.02,0.15,0.84,27.98,18.09,25.03,10.23,5.65,10.89,2.13,1.33,466,0.15,2.79,0.57,40.0128,-105.47,,,,
13MB043,5/5/2013,125,Stream,NA,6.59,0.28,0.19,0.26,0.62,0.11,0.06,0.13,0.02,14.52,1.05,0.84,0.04,0.03,0.04,0.09,0.02,0.01,0.02,0,14.52,0.16,0.84,26.9,18.06,24.65,10.6,5.27,12.23,2.29,1.33,464,0.15,2.64,0.58,40.0128,-105.47,,,,
13MB044,5/5/2013,125,Stream,NA,6.7,0.29,0.19,0.25,0.62,0.11,0.05,0.11,0.02,13.22,1.02,0.83,0.04,0.03,0.04,0.09,0.02,0.01,0.02,0,13.22,0.15,0.83,28.21,18.44,24.36,11.22,4.54,11.04,2.19,1.34,466,0.16,2.68,0.59,40.0128,-105.47,,,,
13MB038,5/6/2013,126,Stream,NA,7.09,0.3,0.19,0.26,0.59,0.12,0.05,0.13,0.03,14.48,1.08,0.83,0.04,0.03,0.04,0.08,0.02,0.01,0.02,0,14.48,0.15,0.83,27.85,18.02,24.14,10.8,4.71,11.97,2.51,1.32,468,0.15,2.76,0.57,40.0128,-105.47,,,,
13MB039,5/6/2013,126,Stream,NA,6.89,0.29,0.19,0.25,0.61,0.11,0.05,0.11,0.03,13.62,1.03,0.81,0.04,0.03,0.04,0.09,0.02,0.01,0.02,0,13.62,0.15,0.81,28.22,18.11,24.33,10.88,4.83,11.07,2.55,1.33,468,0.15,2.68,0.58,40.0128,-105.47,,,,
13MB031,5/7/2013,127,Stream,NA,6.95,0.3,0.19,0.28,0.57,0.11,0.06,0.12,0.02,13.26,1.08,0.83,0.04,0.03,0.04,0.08,0.02,0.01,0.02,0,13.26,0.16,0.83,27.6,17.56,25.45,10.24,5.88,11.07,2.19,1.33,466,0.15,2.91,0.57,40.0128,-105.47,,,,
13MB036,5/7/2013,127,Stream,NA,6.59,0.29,0.18,0.27,0.57,0.11,0.05,0.11,0.02,12.92,1.04,0.82,0.04,0.03,0.04,0.09,0.02,0.01,0.02,0,12.92,0.16,0.82,27.89,17.65,26.03,10.32,5.19,10.6,2.32,1.33,468,0.14,2.87,0.57,40.0128,-105.47,,,,
13MB055,5/8/2013,128,Stream,NA,6.4,0.3,0.2,0.25,0.63,0.12,0.05,0.11,0.02,12.41,1.05,0.83,0.05,0.03,0.04,0.1,0.02,0.01,0.02,0,12.41,0.16,0.83,28.88,18.97,23.72,11.15,4.87,10.36,2.06,1.34,466,0.15,2.83,0.58,40.0128,-105.47,,,,
13MB057,5/8/2013,128,Stream,NA,6.86,0.31,0.2,0.27,0.57,0.12,0.05,0.1,0.02,11.47,1.07,0.81,0.05,0.03,0.04,0.08,0.02,0.01,0.01,0,11.47,0.16,0.81,29.29,18.54,24.87,10.93,4.9,9.33,2.14,1.34,466,0.12,3.05,0.57,40.0128,-105.47,,,,
13MB045,5/9/2013,129,Stream,NA,7.14,0.31,0.2,0.3,0.52,0.11,0.07,0.11,0.02,12.01,1.13,0.85,0.04,0.03,0.04,0.07,0.02,0.01,0.02,0,12.01,0.16,0.85,27.76,17.83,26.43,9.72,6.25,10.2,1.81,1.33,466,0.16,3.16,0.55,40.0128,-105.47,,,,
13MB154,5/10/2013,130,Stream,NA,8.44,0.33,0.21,0.36,0.42,0.12,0.07,0.11,0.04,12.32,1.25,0.72,0.04,0.02,0.04,0.05,0.01,0.01,0.01,0.01,12.32,0.15,0.72,26.77,16.6,29.07,9.27,5.96,8.86,3.47,1.34,464,0.16,3.62,0.56,40.0128,-105.47,,,,
13MB155,5/10/2013,130,Stream,NA,8.53,0.32,0.2,0.34,0.44,0.11,0.1,0.11,0.03,11.86,1.22,0.79,0.04,0.02,0.04,0.05,0.01,0.01,0.01,0,11.86,0.14,0.79,26.6,16.14,28.11,8.92,8.36,9.34,2.52,1.35,468,0.14,3.56,0.57,40.0128,-105.47,,,,
13MB162,5/12/2013,132,Stream,NA,8.11,0.3,0.19,0.25,0.59,0.13,0.05,0.1,0.12,19.47,1.16,0.45,0.04,0.02,0.03,0.07,0.02,0.01,0.01,0.02,19.47,0.14,0.45,26.32,16.52,21.98,11.11,4.59,8.85,10.62,1.34,466,0.15,2.84,0.64,40.0128,-105.47,,,,
13MB163,5/12/2013,132,Stream,NA,8.3,0.33,0.2,0.35,0.44,0.11,0.07,0.12,0.04,13.14,1.22,0.74,0.04,0.02,0.04,0.05,0.01,0.01,0.01,0,13.14,0.15,0.74,26.73,16.57,28.31,9.26,5.98,9.78,3.37,1.34,468,0.15,3.42,0.57,40.0128,-105.47,,,,
13MB172,5/16/2013,136,Stream,NA,7.08,0.33,0.21,0.36,0.41,0.12,0.08,0.1,0.03,10.62,1.23,0.77,0.05,0.03,0.05,0.06,0.02,0.01,0.01,0,10.62,0.17,0.77,27,16.67,29.33,9.67,6.72,8.23,2.39,1.35,466,0.15,3.85,0.57,40.0128,-105.47,,,,
13MB173,5/16/2013,136,Stream,NA,7.24,0.34,0.21,0.37,0.42,0.12,0.07,0.1,0.03,10.53,1.24,0.74,0.05,0.03,0.05,0.06,0.02,0.01,0.01,0,10.53,0.17,0.74,27.42,16.95,29.41,9.84,5.84,7.83,2.7,1.35,468,0.15,3.86,0.57,40.0128,-105.47,,,,
13MB175,5/19/2013,139,Stream,NA,6.32,0.34,0.21,0.36,0.44,0.11,0.08,0.1,0.04,11.31,1.24,0.74,0.05,0.03,0.06,0.07,0.02,0.01,0.02,0.01,11.31,0.2,0.74,27.44,16.76,28.72,9.03,6.75,8.38,2.93,1.35,466,0.15,3.61,0.56,40.0128,-105.47,,,,
13MB176,5/19/2013,139,Stream,NA,6.42,0.34,0.21,0.36,0.43,0.12,0.08,0.1,0.04,11.21,1.25,0.74,0.05,0.03,0.06,0.07,0.02,0.01,0.02,0.01,11.21,0.19,0.74,27.3,16.66,29.15,9.4,6.28,8.33,2.88,1.34,468,0.16,3.81,0.57,40.0128,-105.47,,,,
